entry,exit,direction,hit_tp,hit_sl,pnl_pips,bars_to_exit,rr
155.678,155.67833432999998,short,False,True,-3.343299999869487,1,302.0967307867731
155.658,155.66833433,short,False,True,-103.34330000006275,16,7.837953694137856
155.658,155.577,short,True,False,809.9999999998886,28,34.69946408610195
155.638,155.65733433,short,False,True,-193.34329999992406,3,3.1550097676015154
155.612,155.61233433,short,False,True,-3.343300000153704,1,104.6869859072997
155.612,155.577,short,True,False,349.9999999999659,5,2.8376085283879777
155.612,155.60333433,short,False,True,86.65669999999182,1,34999999.99999659
155.657,155.66133433,short,False,True,-43.343299999776264,1,12.22795680076756
155.632,155.604,short,True,False,279.9999999999159,1,3.3595981920565405
155.696,155.69833433,short,False,True,-23.343299999964984,3,11.138099583199232
155.692,155.69033432999998,short,False,True,16.65670000022601,2,120000000.00000454
155.702,155.69633432999998,short,False,True,56.65670000013279,1,129999999.99999544
155.673,155.68233433,short,False,True,-93.343300000015,11,10.82027312083276
155.666,155.67233432999998,short,False,True,-63.34329999987176,2,14.839769952020875
155.642,155.64333433,short,False,True,-13.343299999917235,1,26.979832575318447
155.625,155.62533433,short,False,True,-3.343299999869487,1,107.67804265667665
155.741,155.7,short,True,False,410.0000000002524,11,2.860266228007535
155.764,155.77033433,short,False,True,-63.34329999987176,5,5.209706472520735
155.764,155.76733432999998,short,False,True,-33.343299999728515,4,9.897040784890564
155.762,155.77833433,short,False,True,-163.34330000006503,2,5.264984850923086
155.762,155.676,short,True,False,860.0000000001273,24,8.321777996247508
155.712,155.676,short,True,False,360.00000000001364,1,36000000.00000136
155.735,155.72033433,short,False,True,146.6567000002783,1,47000000.000025466
155.691,155.69833433,short,False,True,-73.34329999991951,3,8.317051455289576
155.674,155.68033433,short,False,True,-63.34329999987176,4,6.31479572426783
155.676,155.68233433,short,False,True,-63.34330000015598,1,6.63053551044833
155.698,155.69633432999998,short,False,True,16.65670000022601,1,64000000.00002137
155.68,155.634,short,True,False,460.0000000002069,2,8.623388504305593
155.742,155.72433433,short,False,True,176.65669999985312,1,70999999.99999794
155.742,155.75233433,short,False,True,-103.34330000006275,1,6.870305089924053
155.805,155.79533433,short,False,True,96.65670000003956,1,45000000.000015914
155.81,155.82033433,short,False,True,-103.34330000006275,4,4.838243021074517
155.826,155.82833433,short,False,True,-23.343299999964984,1,28.27363740349544
155.826,155.82233433,short,False,True,36.65670000003729,1,66000000.000002496
155.84,155.733,short,True,False,1069.9999999999932,8,2.652827008656275
155.85,155.85433433,short,False,True,-43.34330000006048,1,26.993791427931644
155.798,155.81833433,short,False,True,-203.3432999999718,11,7.425865519052332
155.748,155.647,short,True,False,1009.9999999999909,17,5.50879143115187
155.748,155.647,short,True,False,1009.9999999999909,17,3.564580492991163
155.733,155.647,short,True,False,860.0000000001273,31,4.031061673837653
155.733,155.647,short,True,False,860.0000000001273,31,3.2656991842975005
155.642,155.382,short,True,False,2599.999999999909,34,8.571146948031917
155.652,155.66433433,short,False,True,-123.34330000015825,70,21.890122933279343
155.592,155.382,short,True,False,2100.0000000000796,24,6.922849458026284
155.592,155.382,short,True,False,2100.0000000000796,24,7.9743817290976695
155.594,155.55633433,short,False,True,376.65669999995544,1,211999999.99998906
155.536,155.54433433,short,False,True,-83.34329999996726,1,18.47779005631609
155.516,155.51233433,short,False,True,36.65670000003729,1,133999999.99998613
155.48,155.382,short,True,False,979.9999999998477,8,2.5564552712931263
155.491,155.52333432999998,short,False,True,-323.34329999969214,3,3.3710301094877377
155.558,155.441,short,True,False,1169.9999999999022,16,2.5808256127306355
155.521,155.441,short,True,False,799.9999999998408,12,5.217052195953463
155.502,155.50233433,short,False,True,-3.343299999869487,1,182.45446116827182
155.507,155.438,short,True,False,690.0000000001683,10,4.813618773952567
155.49,155.50733433,short,False,True,-173.34329999982856,1,2.9998275099223535
155.474,155.49033433,short,False,True,-163.34330000006503,4,3.9793490152318367
155.46,155.47233433,short,False,True,-123.34329999987403,5,4.134800998519435
155.454,155.47833433,short,False,True,-243.34329999987858,2,2.5478408487122004
155.486,155.392,short,True,False,939.9999999999409,7,4.622724230402827
155.463,155.392,short,True,False,709.9999999999795,10,3.042727174937654
155.449,155.45633433,short,False,True,-73.34329999991951,9,7.7716710319932325
155.449,155.45433433,short,False,True,-53.34329999982401,8,11.060433081609231
155.463,155.39,short,True,False,730.000000000075,4,3.42171514174576
155.39,155.40833433,short,False,True,-183.34330000016053,2,14.290132227344607
155.327,155.38233433,short,False,True,-553.3432999999377,27,3.5963207650663644
155.291,155.128,short,True,False,1630.0000000001091,3,6.189639151633132
155.296,155.30233433,short,False,True,-63.34330000015598,1,26.52214204179332
155.208,155.20633433,short,False,True,16.656699999941793,1,45999999.99999227
155.224,155.24233433,short,False,True,-183.34330000016053,2,3.38163434387453
155.304,155.31633433,short,False,True,-123.34329999987403,2,6.972409526913951
155.339,155.218,short,True,False,1210.0000000000932,12,5.18549279109148
155.336,155.218,short,True,False,1180.0000000002342,10,16.08872248728281
155.29,155.31033433,short,False,True,-203.3432999999718,4,3.5408100488195435
155.29,155.29833433,short,False,True,-83.34329999996726,3,13.438392768229573
155.448,155.48533433,short,False,True,-373.3432999999309,83,7.231949789913472
155.378,155.43233433,short,False,True,-543.3433000001742,50,3.6809140740287867
155.221,155.24033433,short,False,True,-193.34329999992406,1,6.051412177201702
155.221,155.26233433,short,False,True,-413.34329999983765,5,2.8305769078641454
155.148,155.17833432999998,short,False,True,-303.34329999988086,2,3.230663080411641
155.116,154.89,short,True,False,2260.000000000275,17,6.22001286387007
155.098,154.89,short,True,False,2080.0000000002683,15,7.898435236440316
155.062,155.06433433,short,False,True,-23.343299999964984,1,73.68281262729926
155.017,155.05033433,short,False,True,-333.3433000000241,4,3.809886084406087
155.134,155.13633432999998,short,False,True,-23.343299999964984,6,79.25186241887452
155.098,155.11133433,short,False,True,-133.34329999992178,3,11.174164731192967
155.211,155.22133433,short,False,True,-103.34329999977854,1,2.612651231388304
155.237,155.192,short,True,False,449.99999999987494,3,4.354418718964864
155.31,155.31833433,short,False,True,-83.34329999996726,1,5.519339886950761
155.317,155.32433433,short,False,True,-73.34329999991951,2,7.226290608693015
155.399,155.40433432999998,short,False,True,-53.34329999982401,1,3.5618343822126004
155.419,155.42833432999998,short,False,True,-93.34329999973079,3,4.178125264494417
155.44,155.45833432999999,short,False,True,-183.3432999998763,6,3.272549365045941
155.434,155.45433433,short,False,True,-203.3432999999718,8,2.655607536614658
155.408,155.38,short,True,False,279.9999999999159,7,6.460052649418137
155.403,155.40033433,short,False,True,26.65669999998954,1,22999999.999996133
155.438,155.44533433,short,False,True,-73.34330000020373,1,7.908016137783767
155.452,155.45133433,short,False,True,6.656699999894045,1,72000000.00000273
155.434,155.38,short,True,False,540.0000000000205,8,3.767179910049059
155.44,155.38,short,True,False,600.0000000000227,5,25.703306730450397
155.505,155.416,short,True,False,889.9999999999864,9,4.17168010431968
155.49,155.416,short,True,False,740.0000000001228,51,4.825773281267659
155.452,155.416,short,True,False,360.00000000001364,8,2.511453273366039
155.43,155.44733433,short,False,True,-173.34329999982856,4,2.9998275099223535
155.423,155.44033432999998,short,False,True,-173.34329999982856,4,2.5960045758942183
155.402,155.39833432999998,short,False,True,36.65670000003729,1,52999999.999997266
155.423,155.41033432999998,short,False,True,126.65670000018281,1,74000000.00001228
155.471,155.452,short,True,False,190.00000000005457,1,19000000.000005458
155.474,155.47833433,short,False,True,-43.34330000006048,1,3.2300263247057903
155.441,155.47533433,short,False,True,-343.34330000007185,13,3.291166596231116
155.462,155.384,short,True,False,780.0000000000296,10,2.752844341122017
155.469,155.384,short,True,False,850.0000000000796,9,6.891334997514977
155.493,155.47633433,short,False,True,166.6567000000896,1,36000000.00000136
155.524,155.382,short,True,False,1419.999999999959,27,5.835377427694404
155.51,155.51433433,short,False,True,-43.34330000006048,4,29.531669254488534
155.478,155.382,short,True,False,960.0000000000364,5,4.499789775446186
155.442,155.44233433,short,False,True,-3.343299999869487,1,101.69592917580684
155.462,155.45933433,short,False,True,26.65669999998954,1,54000000.00000204
155.56,155.57633433,short,False,True,-163.34330000006503,5,4.652777310116984
155.56,155.57633433,short,False,True,-163.34330000006503,5,4.652777310116984
155.596,155.60733433,short,False,True,-113.34329999982629,1,3.3526463408131892
155.606,155.61233433,short,False,True,-63.34330000015598,1,7.5777548690838055
155.616,155.61633433,short,False,True,-3.343299999869487,1,173.48129094692462
155.648,155.66033432999998,short,False,True,-123.34329999987403,4,7.296707644444029
155.594,155.61033433,short,False,True,-163.34330000006503,3,4.713998064197768
155.589,155.59833433,short,False,True,-93.343300000015,1,7.713462026732626
155.578,155.58633433,short,False,True,-83.34329999996726,4,7.319124632697651
155.892,155.91033432999998,short,False,True,-183.3432999998763,3,5.999673835916526
155.892,155.91033432999998,short,False,True,-183.3432999998763,3,5.999673835916526
155.848,155.86833433,short,False,True,-203.3432999999718,1,3.2457425447512485
155.873,155.87433433,short,False,True,-13.343300000201452,1,9.742717318639722
155.93,155.90833433,short,False,True,216.6567000000441,1,69999999.99999318
156.0,155.897,short,True,False,1030.0000000000864,44,9.087436134307586
155.983,155.897,short,True,False,860.0000000001273,7,5.999582819708421
155.978,155.97333433,short,False,True,46.65670000008504,1,81000000.00001727
155.978,155.899,short,True,False,790.0000000000773,11,3.2464423717458892
155.976,155.98533433,short,False,True,-93.343300000015,1,8.249119111921884
155.97,155.98333433,short,False,True,-133.34329999992178,2,5.324601986004517
155.981,155.99433433,short,False,True,-133.34329999992178,1,10.274232001163973
155.981,156.00033433,short,False,True,-193.34329999992406,1,7.085841609202609
155.964,155.98033433,short,False,True,-163.34330000006503,1,7.3464904896593115
155.964,155.97833433,short,False,True,-143.34329999996953,1,8.371510911220131
155.919,155.844,short,True,False,750.0000000001705,5,2.5567313110631713
155.904,155.90633433,short,False,True,-23.343299999964984,1,25.703306730450397
155.88,155.88233433,short,False,True,-23.343299999964984,1,16.70714937478667
155.904,155.88033432999998,short,False,True,236.6567000001396,1,76999999.99999818
155.866,155.85533433,short,False,True,106.65670000008731,1,26000000.000010457
155.911,155.92833432999998,short,False,True,-173.34329999982856,9,4.095918330853755
155.896,155.88833433,short,False,True,76.65669999994407,1,55999999.99998317
155.934,155.92733433,short,False,True,66.65669999989632,1,61000000.00000705
155.91,155.92233432999998,short,False,True,-123.34329999987403,4,2.9997575871607074
155.907,155.91233433,short,False,True,-53.34329999982401,1,22.68326106566495
155.909,155.786,short,True,False,1229.9999999999045,15,4.4998359206163325
155.932,155.93233433,short,False,True,-3.343300000153704,1,436.6942840704526
155.84,155.85333433,short,False,True,-133.34329999992178,1,6.224534716033508
155.831,155.84433433,short,False,True,-133.343300000206,1,5.5495851684988695
156.226,156.21833433,short,False,True,76.65669999994407,1,84000000.00000317
156.336,156.36733433,short,False,True,-313.3432999999286,3,3.319043362345297
156.45,156.45833432999999,short,False,True,-83.34329999996726,1,5.399354237233847
156.449,156.376,short,True,False,730.000000000075,4,3.98160172747282
156.462,156.45833432999999,short,False,True,36.65670000003729,1,85999999.99998431
156.462,156.42033433,short,False,True,416.6566999998622,1,85999999.99998431
156.505,156.51933433,short,False,True,-143.34329999996953,1,3.1393165917065575
156.48,156.48033433,short,False,True,-3.343300000153704,1,257.23087965791456
156.541,156.56233433,short,False,True,-213.34330000001955,1,6.515320612365013
156.472,156.402,short,True,False,700.000000000216,3,2.876594506610888
156.464,156.47833433,short,False,True,-143.34329999996953,7,4.325280637464395
156.464,156.47233433,short,False,True,-83.34329999996726,7,7.439110282414565
156.448,156.46633433,short,False,True,-183.3432999998763,5,3.0543794073767288
156.51,156.52233433,short,False,True,-123.34330000015825,1,9.566794467137138
156.632,156.58133433,short,False,True,506.65670000000773,1,240000000.0000091
156.504,156.52633433,short,False,True,-223.3433000000673,3,5.014701582718668
156.522,156.51033433,short,False,True,116.65669999985084,1,129999999.99999544
156.462,156.47333433,short,False,True,-113.3433000001105,3,6.17592746990117
156.755,156.698,short,True,False,569.9999999998795,6,6.106490771161806
156.798,156.76133432999998,short,False,True,366.6567000001919,1,180000000.00000682
156.798,156.71433432999999,short,False,True,836.6567000001623,1,126000000.00000477
156.81,156.80033433,short,False,True,96.65670000003956,1,62000000.00001182
156.798,156.81233433,short,False,True,-143.34329999996953,1,3.488129546342382
157.005,156.99933433,short,False,True,56.65669999984857,1,80999999.99998885
157.146,157.17033433,short,False,True,-243.3433000001628,2,2.7533118848940585
157.248,157.27933432999998,short,False,True,-313.3432999999286,3,5.393445463809861
157.288,157.30233433,short,False,True,-143.34329999996953,1,14.580381503708063
157.324,157.34133433,short,False,True,-173.34329999982856,3,14.133802690974896
157.266,157.33533433,short,False,True,-693.3433000000377,2,2.69707661413867
157.266,157.25433433,short,False,True,116.65669999985084,1,3999999.9999906775
157.341,157.35433433,short,False,True,-133.34329999992178,2,5.924557139357888
157.242,157.26233433,short,False,True,-203.3432999999718,3,8.458601783290666
157.394,157.07,short,True,False,3240.000000000123,99,10.340096628844021
157.199,157.20833432999999,short,False,True,-93.34329999973079,1,17.676683811317613
157.178,157.20233432999999,short,False,True,-243.34329999987858,1,5.917565842169368
157.243,157.25633433,short,False,True,-133.34329999992178,1,3.3747477376076556
157.315,157.26,short,True,False,550.0000000000682,3,4.124691679299904
157.298,157.31233433,short,False,True,-143.34329999996953,1,2.9997914098542107
157.342,157.34633433,short,False,True,-43.343299999776264,1,22.14875194101492
157.396,157.39633433,short,False,True,-3.343300000153704,1,448.65851103126016
157.33,157.246,short,True,False,840.0000000000318,11,2.5978580660248514
157.32,157.34433433,short,False,True,-243.3433000001628,2,3.040971335554928
157.32,157.246,short,True,False,739.9999999998386,5,3.468587951905547
157.308,157.32033433,short,False,True,-123.34330000015825,1,5.026620821714991
157.332,157.185,short,True,False,1469.9999999999136,11,10.25510086624367
157.334,157.32933433,short,False,True,46.65670000008504,1,149000000.0000009
157.212,157.14,short,True,False,720.0000000000273,10,5.022906546732078
157.202,157.21133433,short,False,True,-93.343300000015,2,10.498878869717378
157.214,157.22833433,short,False,True,-143.34329999996953,5,7.673885001950464
157.166,157.104,short,True,False,619.999999999834,6,5.026620821726573
157.17,157.104,short,True,False,659.9999999997408,8,15.227266959341348
157.148,157.17033433,short,False,True,-223.3433000000673,1,3.4923814593936533
157.136,157.07,short,True,False,660.000000000025,8,7.919052881278811
157.094,157.09433433,short,False,True,-3.343300000153704,1,74.77641850523837
157.105,157.11033433,short,False,True,-53.34330000010823,1,7.49859869935135
157.105,157.09733433,short,False,True,76.65669999994407,1,6999999.99997658
157.202,157.098,short,True,False,1039.99999999985,21,4.273797552677098
157.206,157.22033433,short,False,True,-143.34329999996953,10,7.534359820096134
157.118,157.12233433,short,False,True,-43.34330000006048,5,4.614323321010145
157.132,157.14233432999998,short,False,True,-103.34329999977854,58,5.99942134614868
157.112,157.12033433,short,False,True,-83.34329999996726,2,5.039397288086516
157.126,157.13033432999998,short,False,True,-43.343299999776264,1,20.995171110754818
157.108,157.12833433,short,False,True,-203.3432999999718,2,3.5899879661644927
157.122,157.086,short,True,False,360.00000000001364,10,15.421984038270239
157.12,157.086,short,True,False,339.99999999991815,7,6.373808894482341
157.11,157.11533433,short,False,True,-53.34329999982401,2,4.499159219635847
157.137,157.13233433,short,False,True,46.65670000008504,1,50999999.99998772
157.151,157.15333433,short,False,True,-23.343299999964984,4,35.12785253162366
157.162,157.15333433,short,False,True,86.65669999999182,1,93000000.00001773
157.124,157.13833433,short,False,True,-143.34329999996953,4,3.8369425009762237
157.206,157.21033433,short,False,True,-43.34330000006048,3,9.690078974130484
157.212,157.22333433,short,False,True,-113.3433000001105,3,4.23492169364709
157.221,157.22833433,short,False,True,-73.34329999991951,1,6.817255291221726
157.18,157.18933433,short,False,True,-93.343300000015,2,5.570833685975593
157.18,157.19633432999998,short,False,True,-163.3432999997808,5,3.1834792121924007
157.163,157.16333433,short,False,True,-3.343299999869487,1,194.41868813009646
157.161,157.17233432999998,short,False,True,-113.34329999982629,1,5.5583347229244895
157.173,157.098,short,True,False,749.9999999998863,7,2.960409847034062
157.193,157.20233432999999,short,False,True,-93.34329999973079,2,10.17748461863603
157.193,157.19433433,short,False,True,-13.343299999917235,1,71.19678040708679
157.221,157.20633433,short,False,True,146.6566999999941,1,75000000.00001705
157.216,156.9,short,True,False,3160.000000000025,33,22.044978732879017
157.196,157.22333433,short,False,True,-273.3433000000218,3,10.828873434979698
157.18,157.19533433,short,False,True,-153.34330000001728,4,18.25968268584083
157.158,156.9,short,True,False,2579.9999999998136,25,17.9987484591213
157.133,157.16333433,short,False,True,-303.34329999988086,26,7.681066303429006
157.118,156.9,short,True,False,2179.999999999893,19,7.9753189487348655
157.106,156.9,short,True,False,2059.9999999998886,65,9.223468982500338
157.094,157.09533433,short,False,True,-13.343299999917235,5,145.39131998920186
157.094,157.06633433,short,False,True,276.6567000000464,1,193999999.99998838
157.038,157.00833433,short,False,True,296.6567000001419,1,138000000.00000522
157.068,156.984,short,True,False,840.0000000000318,29,3.451913407932131
157.065,157.06633433,short,False,True,-13.343299999917235,1,42.718068244243554
157.076,157.05633433,short,False,True,196.65669999994861,1,67999999.99998362
157.03,156.909,short,True,False,1210.0000000000932,20,5.185492791097796
157.029,156.909,short,True,False,1200.0000000000455,21,27.6859399260871
157.005,157.02733433,short,False,True,-223.3433000000673,20,4.2983156423306506
156.951,156.909,short,True,False,420.0000000000159,4,3.1497645551014735
156.957,156.96933433,short,False,True,-123.34330000015825,1,5.269844409863716
156.92,156.93033433,short,False,True,-103.34330000006275,1,9.289426600458562
156.93,156.93233433,short,False,True,-23.343299999964984,13,45.40917522379164
156.93,156.93033433,short,False,True,-3.343299999869487,1,317.05201448907513
156.93,156.92133433,short,False,True,86.65669999999182,1,105999999.99999453
156.882,156.90233433,short,False,True,-203.3432999999718,5,2.8523192059930556
156.852,156.86033433,short,False,True,-83.34329999996726,4,3.3595981920565405
156.85,156.86233433,short,False,True,-123.34330000015825,1,2.9186830577708864
156.966,156.99633433,short,False,True,-303.34329999988086,13,3.4614247290136104
156.966,156.99033433,short,False,True,-243.34329999987858,8,4.3148917599157475
156.954,156.97833433,short,False,True,-243.34329999987858,17,3.8217612730683004
156.946,156.94233433,short,False,True,36.65670000003729,1,85000000.00000796
156.9,156.861,short,True,False,390.0000000001569,3,4.679440338939184
156.89,156.89933433,short,False,True,-93.343300000015,7,3.1068110941001335
156.943,156.94833433,short,False,True,-53.34329999982401,1,4.31169425215546
156.958,156.96033433,short,False,True,-23.343299999964984,1,14.565207147251167
156.962,156.97433433,short,False,True,-123.34330000015825,1,3.0808321165343995
157.021,157.02033433,short,False,True,6.656699999894045,1,88999999.99999863
156.966,156.97833433,short,False,True,-123.34329999987403,2,2.756533999013725
157.029,157.02633433,short,False,True,26.65669999998954,1,97000000.0000084
157.004,156.932,short,True,False,720.0000000000273,25,5.022906546732078
156.926,156.93633433,short,False,True,-103.34330000006275,1,3.870594416857963
156.949,156.95533433,short,False,True,-63.34329999987176,1,8.998583907079638
156.918,156.92333433,short,False,True,-53.34329999982401,1,4.874089154607277
156.977,156.97533433,short,False,True,16.656699999941793,1,44000000.00001114
156.974,156.97933433,short,False,True,-53.34330000010823,1,7.686063666836066
157.004,157.01433433,short,False,True,-103.34330000006275,2,6.192951066973291
156.971,156.97533433,short,False,True,-43.34330000006048,1,9.228646642026847
156.93,156.94933433,short,False,True,-193.34329999992406,4,3.2067312392017815
156.948,156.868,short,True,False,800.000000000125,8,7.741188833739966
156.932,156.95233432999999,short,False,True,-203.3432999999718,3,3.1473867100613506
156.932,156.95433433,short,False,True,-223.3433000000673,3,2.865543761553343
157.127,157.14733433,short,False,True,-203.3432999999718,1,7.130798014984037
157.113,156.982,short,True,False,1310.0000000000023,14,3.247853627418037
157.113,157.12733433,short,False,True,-143.34329999996953,1,9.138899411414979
157.12,157.15133433,short,False,True,-313.3432999999286,2,4.404115230803935
157.11,157.13233433,short,False,True,-223.34329999978308,5,5.731087523115251
157.14,157.16433433,short,False,True,-243.3433000001628,1,3.780667065825235
157.084,157.012,short,True,False,720.0000000000273,9,2.7340737356906297
157.08,157.09233433,short,False,True,-123.34329999987403,1,5.513067998025146
157.08,157.05033433,short,False,True,296.6567000001419,1,68000000.00001204
157.038,156.75,short,True,False,2880.000000000109,14,13.499369326356543
157.01,156.75,short,True,False,2599.999999999909,10,5.379199422023611
157.0,156.75,short,True,False,2500.0,9,8.823219042057413
156.966,157.00433433,short,False,True,-383.3432999999786,3,5.634636108157368
156.874,156.87933433,short,False,True,-53.34330000010823,1,15.184662366187416
156.892,156.722,short,True,False,1699.999999999875,19,4.811185042985956
156.856,156.89433433,short,False,True,-383.3432999999786,5,3.495561289319354
156.788,156.80933432999998,short,False,True,-213.34329999973534,2,3.0936054706233747
156.805,156.724,short,True,False,810.0000000001728,2,4.189439199602422
156.752,156.59,short,True,False,1620.0000000000614,14,2.8756887674000975
156.754,156.59,short,True,False,1639.9999999998727,50,5.999781227488443
156.683,156.70033433,short,False,True,-173.34330000011278,2,5.365076123503407
156.665,156.68733433,short,False,True,-223.3433000000673,1,3.358059095570184
156.732,156.77033433,short,False,True,-383.3432999999786,20,3.443388732762836
156.732,156.76833433,short,False,True,-363.34329999988313,51,3.6329278673928336
156.662,156.67933433,short,False,True,-173.34329999982856,1,4.615119246033255
156.68,156.71333433,short,False,True,-333.3433000000241,2,2.9399120966284937
156.646,156.65433432999998,short,False,True,-83.34329999996726,1,7.679081581844983
156.71,156.73233433,short,False,True,-223.34329999978308,3,2.731221397734622
156.719,156.73533433,short,False,True,-163.34330000006503,2,4.040569769312621
156.718,156.72033433,short,False,True,-23.343299999964984,1,24.41814139392179
156.916,156.89633433,short,False,True,196.65669999994861,1,49000000.000006594
156.922,156.93233433,short,False,True,-103.34330000006275,1,16.643555992492267
156.906,156.91733433,short,False,True,-113.34329999982629,1,13.763495504387556
156.901,156.94833433,short,False,True,-473.3432999998399,5,3.190073673802112
156.93,156.97833433,short,False,True,-483.3432999998877,3,3.724061138326499
156.88,156.75,short,True,False,1299.9999999999545,13,2.582730315472557
156.863,156.75,short,True,False,1129.9999999999955,10,5.844526290802109
156.856,156.75,short,True,False,1059.9999999999454,8,7.394834638243788
156.855,156.87233433,short,False,True,-173.34330000011278,4,6.057344010407178
156.902,156.89633433,short,False,True,56.65669999984857,1,137999999.9999768
156.848,156.85433433,short,False,True,-63.34329999987176,1,14.681900058917993
156.971,156.98033433,short,False,True,-93.343300000015,1,6.64214785635411
156.962,156.97533433,short,False,True,-133.343300000206,1,3.974702890952556
157.076,156.996,short,True,False,799.9999999998408,3,3.934233387576339
157.379,157.37533433,short,False,True,36.65670000003729,1,114999999.99998067
157.562,157.534,short,True,False,280.0000000002001,2,4.420357006988379
157.594,157.60033433,short,False,True,-63.34330000015598,3,8.840714013928116
157.599,157.60433433,short,False,True,-53.34330000010823,1,11.435363016509077
157.589,157.538,short,True,False,509.9999999998772,9,2.6377950516003272
157.692,157.539,short,True,False,1530.0000000002,6,8.345000880867925
157.697,157.70833432999999,short,False,True,-113.34329999982629,1,13.939950574957463
157.662,157.69733433,short,False,True,-353.3432999998354,9,3.48103388404637
157.634,157.64633433,short,False,True,-123.34330000015825,1,7.702080291339454
157.606,157.387,short,True,False,2189.999999999941,37,7.2195430062269415
157.594,157.387,short,True,False,2069.9999999999363,35,9.702671703305173
157.582,157.387,short,True,False,1949.9999999999318,33,9.140197981374401
157.55,157.387,short,True,False,1630.0000000001091,31,3.3723442530402052
157.525,157.387,short,True,False,1380.0000000000523,17,2.915431569434951
157.451,157.387,short,True,False,639.9999999999295,8,19.194260915976677
157.48,157.50233433,short,False,True,-223.3433000000673,1,4.925153340169688
157.413,157.42833432999998,short,False,True,-153.34329999973306,3,2.804165555331157
157.423,157.43933433,short,False,True,-163.34330000006503,2,3.8569075070702685
157.471,157.378,short,True,False,930.0000000001774,27,278.1682768631239
157.366,157.37433433,short,False,True,-83.34329999996726,5,5.75931118638459
157.391,157.39233432999998,short,False,True,-13.343299999917235,1,13.489916287659224
157.399,157.40833433,short,False,True,-93.343300000015,5,4.606650932632492
157.388,157.39533433,short,False,True,-73.34329999991951,1,4.36304338638237
157.394,157.39833432999998,short,False,True,-43.343299999776264,2,14.765834627341093
157.404,157.33,short,True,False,739.9999999998386,17,6.528837611037592
157.404,157.33,short,True,False,739.9999999998386,14,31.700744967547372
157.391,157.39333433,short,False,True,-23.343299999964984,2,26.13169517594776
157.384,157.33,short,True,False,539.9999999997362,5,8.524974227714795
157.381,157.38633432999998,short,False,True,-53.34329999982401,4,9.560713341723512
157.356,157.36533433,short,False,True,-93.343300000015,1,2.785416842984752
157.418,157.41633432999998,short,False,True,16.65670000022601,3,34000000.000020236
157.428,157.384,short,True,False,440.0000000001114,2,131.60649658041092
157.418,157.43033433,short,False,True,-123.34329999987403,4,2.756533999013725
157.406,157.40633433,short,False,True,-3.343299999869487,1,26.919510664211668
157.391,157.40333433,short,False,True,-123.34330000015825,1,5.431993468627229
157.403,157.40633433,short,False,True,-33.34330000001273,3,23.692915818155114
157.355,157.138,short,True,False,2169.9999999998454,9,15.138482231121417
157.338,157.138,short,True,False,1999.9999999998863,5,13.952518185365562
157.305,157.138,short,True,False,1670.000000000016,3,4.473094870057465
157.335,157.34833433,short,False,True,-133.34329999992178,13,14.773895651308935
157.306,157.33633433,short,False,True,-303.34329999988086,23,5.538279566421027
157.218,157.24933433,short,False,True,-313.3433000002128,14,5.74449812712945
157.18,157.038,short,True,False,1419.999999999959,48,5.011588415893493
157.106,157.13233433,short,False,True,-263.3432999999741,7,8.202221207071888
157.065,157.11033433,short,False,True,-453.34330000002865,2,3.8602092498113527
157.11,157.12033433,short,False,True,-103.34329999977854,1,21.288269292784218
157.14,157.14833432999998,short,False,True,-83.34329999996726,1,29.996412429085268
157.128,156.89,short,True,False,2379.9999999999955,47,11.155728818293227
157.12,157.12233433,short,False,True,-23.343299999964984,1,98.52934246673058
157.098,157.10833433,short,False,True,-103.34329999977854,1,20.127090967723362
157.024,157.03533432999998,short,False,True,-113.34329999982629,1,11.822489728128607
156.976,157.00033433,short,False,True,-243.34329999987858,21,3.534101822407095
156.962,156.89,short,True,False,720.0000000000273,2,2.541087084112631
156.939,156.96433432999999,short,False,True,-253.34329999992633,4,2.565688534096486
156.962,156.959,short,True,False,29.99999999985903,1,2999999.9999859026
156.993,157.00233433,short,False,True,-93.343300000015,2,3.642468179289392
157.125,157.014,short,True,False,1109.9999999999,11,20.80861139081313
157.075,157.08033433,short,False,True,-53.34330000010823,1,11.435363016509077
157.062,157.07233433,short,False,True,-103.34329999977854,1,8.708837437956431
157.038,156.972,short,True,False,660.000000000025,11,2.71221767766096
157.028,157.04733432999998,short,False,True,-193.34329999992406,1,11.63733111000395
157.01,157.04133432999998,short,False,True,-313.3432999999286,2,6.60617284620545
156.94,156.803,short,True,False,1370.0000000000045,6,3.2361442829032026
156.942,156.803,short,True,False,1390.0000000001,11,8.018769689982104
156.922,156.94733433,short,False,True,-253.34329999992633,1,4.697183623961414
156.899,156.93233433,short,False,True,-333.3433000000241,2,2.879913890574573
156.884,156.803,short,True,False,809.9999999998886,15,3.0758329526514188
156.884,156.87933433,short,False,True,46.65669999980082,1,80999999.99998885
156.85,156.784,short,True,False,660.000000000025,15,3.8074733779707413
156.8,156.774,short,True,False,260.0000000001046,5,2.5158863709661077
156.798,156.80233433,short,False,True,-43.34330000006048,1,11.07437597043484
156.794,156.75,short,True,False,440.0000000001114,9,4.2576538585573935
156.79,156.724,short,True,False,660.000000000025,8,10.419412944990233
156.767,156.724,short,True,False,430.00000000006366,4,3.2247589492709112
156.856,156.702,short,True,False,1539.9999999999636,27,5.847879934671265
156.856,156.702,short,True,False,1539.9999999999636,20,24.311963538309048
156.827,156.702,short,True,False,1250.0,33,3.5376360610193456
156.818,156.702,short,True,False,1160.0000000001387,40,2.740092969465804
156.798,156.702,short,True,False,960.0000000000364,28,3.1647311808120153
156.769,156.78533432999998,short,False,True,-163.3432999997808,2,3.3671414744333332
156.752,156.598,short,True,False,1539.9999999999636,15,3.8180874704024235
156.746,156.598,short,True,False,1479.9999999999613,13,7.278331767017485
156.772,156.76433433,short,False,True,76.65669999994407,1,173999999.99997815
156.714,156.72233433,short,False,True,-83.34329999996726,1,13.918335367093817
156.682,156.69433433,short,False,True,-123.34330000015825,1,6.972409526895581
156.697,156.596,short,True,False,1009.9999999999909,23,3.6949872193681363
156.71,156.69833433,short,False,True,116.65670000013506,1,66000000.000002496
156.676,156.71333433,short,False,True,-373.3433000002151,7,3.267769905069018
156.772,156.71633433,short,False,True,556.6566999999623,1,217999999.9999893
156.664,156.63433433,short,False,True,296.65669999985766,1,155999999.99997747
156.564,156.358,short,True,False,2059.9999999998886,14,3.3047599934096175
156.55,156.358,short,True,False,1920.0000000000728,8,8.59663128467224
156.488,156.49733433,short,False,True,-93.343300000015,1,13.927084214932894
156.417,156.358,short,True,False,589.999999999975,1,5.205424581787184
156.44,156.46833433,short,False,True,-283.3433000000696,9,4.94100266355167
156.374,156.33233433,short,False,True,416.6566999998622,1,159999999.99999657
156.39,156.42233432999998,short,False,True,-323.34329999997635,1,5.443131185956245
156.344,156.214,short,True,False,1299.9999999999545,5,15.598134463123793
156.276,156.092,short,True,False,1839.999999999975,10,2.6160766726582807
156.29,156.33933432999999,short,False,True,-493.3432999999354,2,4.013432431331387
156.318,156.30733433,short,False,True,106.65670000008731,1,22000000.00001978
156.436,156.44033432999998,short,False,True,-43.343299999776264,2,32.300263247315605
156.353,156.296,short,True,False,570.0000000001637,2,170.4902342064472
156.428,156.45433433,short,False,True,-263.3432999999741,1,3.1897526916390677
156.815,156.83033433,short,False,True,-153.34330000001728,1,5.8039705679992935
156.776,156.79033433,short,False,True,-143.34329999996953,1,10.952726775513336
156.76,156.79633433,short,False,True,-363.34330000016735,2,3.880627494711646
156.747,156.76633433,short,False,True,-193.34329999992406,1,6.620348364803156
156.754,156.77633433,short,False,True,-223.3433000000673,1,3.761026187039319
156.72,156.71833433,short,False,True,16.656699999941793,2,50000000.00001136
156.712,156.635,short,True,False,769.9999999999818,5,5.021412738606089
156.784,156.79733432999998,short,False,True,-133.34329999992178,1,5.999551533525195
156.827,156.83133433,short,False,True,-43.34330000006048,1,28.378088424235997
156.798,156.704,short,True,False,939.9999999999409,6,2.8199156845206517
156.788,156.704,short,True,False,840.0000000000318,2,5.142543342770466
156.899,156.86233433,short,False,True,366.6566999999077,1,79000000.00000772
156.899,156.90333433,short,False,True,-43.34330000006048,1,18.226577118008432
156.934,156.91533433,short,False,True,186.65669999990087,1,139999999.99998635
156.844,156.86033433,short,False,True,-163.34330000006503,2,5.509867867244483
156.818,156.754,short,True,False,640.0000000002137,6,2.6300292631871645
156.791,156.666,short,True,False,1250.0,16,2.8845490399879097
156.844,156.83433433,short,False,True,96.65670000003956,1,177999999.99999726
156.784,156.666,short,True,False,1179.99999999995,6,11.418253529732779
156.674,156.598,short,True,False,759.9999999999341,4,2.5054121848091997
156.784,156.74433433,short,False,True,396.65670000005093,1,126999999.99998112
156.844,156.79633433,short,False,True,476.6566999998645,1,186999999.9999834
156.699,156.71533433,short,False,True,-163.3432999997808,1,2.571271671385233
156.934,156.86433433,short,False,True,696.6567000000623,1,527999999.99999154
156.852,156.406,short,True,False,4459.99999999998,24,4.489887836360057
156.755,156.406,short,True,False,3489.9999999998954,16,5.690124926774674
156.72,156.406,short,True,False,3139.9999999999295,13,4.060292498817192
156.716,156.69833433,short,False,True,176.65670000013733,1,310000000.00000226
156.658,156.73233433,short,False,True,-743.3432999999923,35,3.3900890745902164
156.726,156.75033433,short,False,True,-243.34329999987858,1,2.917688713847202
156.735,156.71633433,short,False,True,186.65670000018508,1,44000000.00001114
156.772,156.682,short,True,False,900.0000000000341,11,3.176358855140789
156.742,156.682,short,True,False,600.0000000000227,4,3.10328829600125
156.742,156.75433433,short,False,True,-123.34330000015825,6,4.864471762951477
156.726,156.72833433,short,False,True,-23.343299999964984,1,8.139380464644654
156.77,156.77433433,short,False,True,-43.343299999776264,1,25.84021059785511
156.762,156.77233433,short,False,True,-103.34330000006275,22,10.063545483834003
156.74,156.658,short,True,False,820.0000000002206,20,4.730497227184619
156.731,156.658,short,True,False,730.000000000075,6,2.6706343268703376
156.699,156.59,short,True,False,1090.0000000000887,15,11.677324457172956
156.684,156.68933433,short,False,True,-53.34330000010823,1,17.62170694347807
156.684,156.68633433,short,False,True,-23.343299999964984,1,40.268513877701565
156.824,156.77,short,True,False,540.0000000000205,6,3.767179910049059
156.836,156.83833433,short,False,True,-23.343299999964984,1,10.709711137689695
156.858,156.85233433,short,False,True,56.65670000013279,1,84000000.00000317
156.848,156.86233433,short,False,True,-143.34329999996953,1,5.162431728586408
156.82,156.83733433,short,False,True,-173.34330000011278,2,2.6536935664639096
156.798,156.80333432999998,short,False,True,-53.34329999982401,2,4.499159219635847
156.785,156.774,short,True,False,109.9999999999568,1,10999999.999995679
156.816,156.80033433,short,False,True,156.65670000004184,1,42000000.00000159
156.806,156.81433433,short,False,True,-83.34329999996726,1,3.8395407909241963
156.85,156.85733433,short,False,True,-73.34329999991951,9,2.9995923281356993
156.857,156.794,short,True,False,629.9999999998818,27,8.58974166693581
156.826,156.83033433,short,False,True,-43.34330000006048,1,7.382917313618855
156.832,156.84233433,short,False,True,-103.34330000006275,2,3.677064696014102
156.814,156.81433433,short,False,True,-3.343300000153704,1,59.82113480412268
156.83,156.83633433,short,False,True,-63.34329999987176,1,3.4731376483486525
156.877,156.86533433,short,False,True,116.65670000013506,1,70999999.99999794
156.816,156.784,short,True,False,320.00000000010687,1,5.051836579413367
156.913,156.91433433,short,False,True,-13.343299999917235,1,17.237115256471203
156.988,157.02833433,short,False,True,-403.3433000000741,14,2.8759619906904152
156.985,157.01033433,short,False,True,-253.34329999992633,3,4.460350836198645
157.076,157.08133433,short,False,True,-53.34330000010823,1,14.622267463738595
157.077,157.10033433,short,False,True,-233.34330000011505,2,3.3855696735226073
157.091,156.998,short,True,False,930.0000000001774,7,4.810096858802672
157.02,157.05733433,short,False,True,-373.3432999999309,9,2.5177899268592716
157.046,157.05033433,short,False,True,-43.34330000006048,1,27.6859399260871
157.063,157.063,short,False,False,0.0,0,12.087172333950651
157.028,157.03833433,short,False,True,-103.34330000006275,2,9.870015762990143
157.01,157.02033433,short,False,True,-103.34330000006275,1,8.128248275403648
157.024,156.934,short,True,False,900.0000000000341,45,6.278633183415098
157.01,156.934,short,True,False,759.9999999999341,6,4.652777310116984
156.998,157.01633433,short,False,True,-183.34330000016053,19,3.490719322709743
156.968,156.97933433,short,False,True,-113.3433000001105,13,2.9997361996658527
156.982,156.98433433,short,False,True,-23.343299999964984,1,6.8542151281160475
156.988,156.98433433,short,False,True,36.65670000003729,1,26000000.000010457
156.988,156.99433433,short,False,True,-63.34329999987176,1,4.10461722077364
157.025,157.02433433,short,False,True,6.656700000178262,1,64999999.99999772
156.98,156.98333433,short,False,True,-33.34330000001273,2,5.998206536237917
156.984,156.98233433,short,False,True,16.65670000022601,1,24000000.00000091
156.966,156.97233433,short,False,True,-63.34329999987176,5,3.7888774345589034
156.98,156.942,short,True,False,379.9999999998249,6,113.66015612788411
156.978,156.98033433,short,False,True,-23.343299999964984,1,15.421984038270239
156.978,156.97833433,short,False,True,-3.343299999869487,1,107.67804265667665
157.026,157.03833433,short,False,True,-123.34329999987403,2,3.891577410370149
157.014,156.978,short,True,False,360.00000000001364,11,3.483534975182572
157.008,157.00433433,short,False,True,36.65670000003729,1,37000000.00000614
157.034,157.02833433,short,False,True,56.65669999984857,1,61999999.9999834
157.032,157.04233433,short,False,True,-103.34329999977854,1,5.805891625304287
157.024,157.04033433,short,False,True,-163.34330000006503,2,3.1834792121851216
157.064,156.972,short,True,False,919.9999999998454,1,91999999.99998453
156.993,157.00833433,short,False,True,-153.34330000001728,6,3.586723384719164
157.003,157.01133432999998,short,False,True,-83.34329999996726,17,7.799067231561897
156.99,157.00033433,short,False,True,-103.34329999977854,1,5.031772741932215
156.99,156.99433433,short,False,True,-43.343299999776264,1,11.997240634720786
156.995,157.00433433,short,False,True,-93.343300000015,3,3.856731013366313
156.979,156.98133433,short,False,True,-23.343299999964984,1,14.136818701753807
157.003,157.00433433,short,False,True,-13.343300000201452,1,42.71806824333365
156.98,156.97933433,short,False,True,6.656699999894045,1,36000000.00000136
157.002,156.938,short,True,False,640.0000000002137,6,2.526216402803626
156.974,156.97733433,short,False,True,-33.34330000001273,1,44.68663869501339
156.96,156.99033433,short,False,True,-303.34329999988086,30,4.450403223017365
156.927,156.95033433,short,False,True,-233.34330000011505,3,4.371241856952977
156.906,156.825,short,True,False,810.0000000001728,4,3.6267038232217375
156.875,156.776,short,True,False,989.9999999998954,9,3.159473969924109
156.853,156.776,short,True,False,769.9999999999818,7,3.0393541096220256
156.855,156.86633433,short,False,True,-113.3433000001105,1,6.969975287458746
156.82,156.81033433,short,False,True,96.65670000003956,1,43999999.999982715
156.864,156.777,short,True,False,870.0000000001751,4,2.8680376326113572
156.857,156.87433433,short,False,True,-173.34330000011278,4,5.941966029257642
156.928,156.97033433,short,False,True,-423.3432999998854,3,4.110139454198371
156.93,156.93633433,short,False,True,-63.34329999987176,4,27.785101186766788
157.02,157.03133433,short,False,True,-113.34329999982629,1,3.3526463408131892
157.064,157.03433433,short,False,True,296.65669999985766,1,156999999.99998227
156.991,157.00633433,short,False,True,-153.34329999973306,1,5.477904805762587
156.902,156.91533433,short,False,True,-133.343300000206,44,5.399596380160314
156.866,156.86933433,short,False,True,-33.343299999728515,1,10.79677176533051
156.898,156.88433433,short,False,True,136.65669999994634,1,31999999.999982264
156.892,156.832,short,True,False,600.0000000000227,8,2.5713187393841044
156.9,156.90833433,short,False,True,-83.34329999996726,1,8.159024180712638
156.88,156.89833432999998,short,False,True,-183.3432999998763,8,2.618039492036753
156.884,156.851,short,True,False,329.9999999998704,6,2.6754594696221603
156.871,156.818,short,True,False,529.9999999999727,2,7.226290608693015
156.852,156.782,short,True,False,699.9999999999318,14,3.442454214129646
156.846,156.782,short,True,False,639.9999999999295,12,7.679081581844983
156.936,156.836,short,True,False,999.9999999999432,10,11.998564971633424
156.942,156.806,short,True,False,1359.9999999999568,1,4.206055916420895
157.016,156.76,short,True,False,2560.0000000000023,11,5.2964425078388215
156.978,157.04233433,short,False,True,-643.343299999799,55,3.3885485401042623
156.978,157.02133433,short,False,True,-433.34329999993315,51,5.030653525739324
156.872,156.86433433,short,False,True,76.65670000022828,1,84000000.00000317
156.904,156.746,short,True,False,1579.9999999998704,13,5.999772919987051
156.88,156.91833433,short,False,True,-383.3432999999786,5,3.495561289319354
156.88,156.88433433,short,False,True,-43.34330000006048,1,30.91596625079289
156.955,156.838,short,True,False,1170.0000000001864,15,6.749611897323655
156.926,156.838,short,True,False,879.9999999999386,13,2.7215655929781226
156.94,156.815,short,True,False,1250.0,8,3.260784784813168
156.9,156.92033433,short,False,True,-203.3432999999718,4,4.180122974301083
157.032,157.02133433,short,False,True,106.65670000008731,1,98000000.00001319
156.93,156.95333433,short,False,True,-233.34329999983083,1,4.328386544634978
157.024,157.01433433,short,False,True,96.65670000003956,1,103000000.00000863
157.044,156.95,short,True,False,940.0000000002251,20,4.406044155131148
157.048,157.06433433,short,False,True,-163.34330000006503,2,3.6732452448296558
157.022,156.971,short,True,False,509.9999999998772,21,2.781666960283963
157.002,157.01233433,short,False,True,-103.34329999977854,1,2.99971067307434
157.026,157.03833433,short,False,True,-123.34329999987403,11,4.459099116049513
157.044,157.0,short,True,False,440.0000000001114,9,5.279368587520344
157.024,157.02333432999998,short,False,True,6.656700000178262,1,30000000.000001136
157.035,157.02933432999998,short,False,True,56.65670000013279,1,37000000.00000614
157.03,157.03633433,short,False,True,-63.34329999987176,1,5.051836579413367
157.099,157.05433433,short,False,True,446.65670000000546,1,84000000.00000317
157.134,157.13633432999998,short,False,True,-23.343299999964984,2,17.135537820296207
157.149,157.094,short,True,False,550.0000000000682,9,23.561364502914895
157.136,157.094,short,True,False,420.0000000000159,4,3.1497645551014735
157.147,157.14933433,short,False,True,-23.343299999964984,1,14.565207147251167
157.171,157.076,short,True,False,949.9999999999886,38,5.181536494647783
157.131,157.13433433,short,False,True,-33.34330000001273,1,16.49506797467132
157.11,157.12233433,short,False,True,-123.34329999987403,2,2.756533999013725
157.142,157.14633433,short,False,True,-43.34330000006048,2,45.220368545940076
157.094,157.15133433,short,False,True,-573.3433000000332,1,2.5813504753607055
157.104,157.12033433,short,False,True,-163.3432999997808,3,9.672879144735504
157.11,156.946,short,True,False,1640.000000000157,17,7.342955888991296
157.094,157.11433433,short,False,True,-203.3432999999718,1,7.278331767017485
157.062,156.946,short,True,False,1160.0000000001387,12,2.616482531708923
157.034,156.946,short,True,False,879.9999999999386,3,3.1057731028039925
157.033,157.05433433,short,False,True,-213.34330000001955,14,4.07793448399744
157.051,156.946,short,True,False,1049.9999999998977,16,2.669423884936714
157.011,157.00033433,short,False,True,106.65670000008731,1,64999999.99999772
157.028,157.04033433,short,False,True,-123.34330000015825,1,6.64811140936625
157.041,157.06133433,short,False,True,-203.3432999999718,4,4.671902147747776
157.148,157.16233433,short,False,True,-143.34329999996953,1,3.2788417735608872
157.132,157.16833433,short,False,True,-363.34329999988313,2,2.889828985426509
157.084,157.027,short,True,False,570.0000000001637,9,3.108921896794419
157.148,157.15833433,short,False,True,-103.34330000006275,12,3.677064696014102
157.185,157.19633432999998,short,False,True,-113.34329999982629,1,2.735053593821022
157.185,157.17433433,short,False,True,106.65670000008731,1,31000000.00000591
157.21,157.071,short,True,False,1390.0000000001,25,13.450315598622057
157.166,157.19233433,short,False,True,-263.3432999999741,7,3.6074584012582895
157.166,157.19033432999998,short,False,True,-243.34329999987858,7,3.9039496875420965
157.142,157.15333433,short,False,True,-113.3433000001105,1,6.264155005185903
157.142,157.14833432999998,short,False,True,-63.34329999987176,1,4.893966686305998
157.166,157.111,short,True,False,550.0000000000682,2,8.682844120864901
157.162,157.16833433,short,False,True,-63.34329999987176,1,8.051364548439913
157.231,157.23633433,short,False,True,-53.34330000010823,1,4.499159219611875
157.298,157.30833433,short,False,True,-103.34330000006275,1,4.644713300230656
157.291,157.30033433,short,False,True,-93.343300000015,5,4.392388098555571
157.31,157.274,short,True,False,360.00000000001364,2,2.9186830577776117
157.336,157.31833433,short,False,True,176.65670000013733,1,62000000.00001182
157.334,157.238,short,True,False,960.0000000000364,16,3.0637323344723026
157.331,157.34833433,short,False,True,-173.34330000011278,4,5.365076123503407
157.273,157.28133433,short,False,True,-83.34329999996726,3,4.1994977400715285
157.327,157.33333432999999,short,False,True,-63.34329999987176,1,4.10461722077364
157.315,157.32033433,short,False,True,-53.34330000010823,1,4.311694252127159
157.332,157.33433433,short,False,True,-23.343299999964984,1,17.135537820296207
157.349,157.33,short,True,False,189.99999999977035,6,2.9995279690086005
157.339,157.294,short,True,False,449.99999999987494,10,4.820913766706369
157.338,157.34533433,short,False,True,-73.34329999991951,1,5.999184656271399
157.316,157.31633433,short,False,True,-3.343299999869487,2,38.88373762603629
157.336,157.32333433,short,False,True,126.65670000018281,1,52000000.000020914
157.318,157.32233433,short,False,True,-43.343299999776264,1,7.844349645780488
157.336,157.34533433,short,False,True,-93.34329999973079,8,5.035176600801666
157.314,157.31833433,short,False,True,-43.34330000006048,2,11.997240634635558
157.322,157.262,short,True,False,600.0000000000227,12,8.18070634946452
157.294,157.262,short,True,False,320.00000000010687,7,3.0964755334965366
157.278,157.28633433,short,False,True,-83.34329999996726,3,5.75931118638459
157.274,157.28633433,short,False,True,-123.34329999987403,11,3.5672792928400714
157.257,157.26633433,short,False,True,-93.343300000015,1,2.892548260026257
157.306,157.256,short,True,False,500.0000000001137,4,4.05372646913634
157.32,157.268,short,True,False,519.999999999925,10,2.836209449701569
157.326,157.33033433,short,False,True,-43.34330000006048,1,13.381537630939913
157.277,157.32533433,short,False,True,-483.3433000001719,3,3.8895749666938864
157.298,157.31733433,short,False,True,-193.34329999992406,2,10.809787564404107
157.29,157.089,short,True,False,2009.999999999934,13,4.338036181810771
157.29,157.29833433,short,False,True,-83.34329999996726,1,24.117115592983765
157.266,157.089,short,True,False,1769.999999999925,42,4.61727125529525
157.234,157.089,short,True,False,1450.0000000001023,9,2.57391895847548
157.223,157.089,short,True,False,1340.0000000001455,12,5.2892655933689
157.226,157.25033433,short,False,True,-243.34329999987858,3,8.095558825745398
157.265,157.28333433,short,False,True,-183.34330000016053,1,12.872027502493047
157.225,157.25633433,short,False,True,-313.3432999999286,4,6.255120182880649
157.218,157.22933433,short,False,True,-113.3433000001105,52,16.675004168734162
157.178,157.22133433,short,False,True,-433.34329999993315,6,3.4383824556656095
157.16,157.029,short,True,False,1310.0000000000023,12,4.792508175616149
157.128,157.029,short,True,False,989.9999999998954,9,3.159473969921243
157.126,157.14033433,short,False,True,-143.34329999996953,1,6.766971319903269
157.092,156.972,short,True,False,1200.0000000000455,24,2.589872347351486
157.056,156.972,short,True,False,840.0000000000318,3,4.130945056956135
157.044,157.05633433,short,False,True,-123.34329999987403,3,5.8373661155552234
157.038,156.974,short,True,False,640.0000000002137,6,3.1473867100627486
157.006,156.868,short,True,False,1380.0000000000523,6,3.112711977377603
156.942,156.95233432999999,short,False,True,-103.34329999977854,1,7.160599671209537
156.968,156.698,short,True,False,2699.999999999818,22,4.070290602164959
156.894,156.94433433,short,False,True,-503.3432999999832,1,3.893962629481797
156.831,156.698,short,True,False,1329.9999999998136,11,5.050441761760958
156.815,156.83433433,short,False,True,-193.34329999992406,8,6.051412177201702
156.751,156.76133432999998,short,False,True,-103.34329999977854,10,5.128537602351662
156.744,156.75633433,short,False,True,-123.34329999987403,2,26.43029657876239
156.76,156.76033433,short,False,True,-3.343300000153704,1,1022.941405151382
156.738,156.76233433,short,False,True,-243.34329999987858,10,13.15014631593115
156.718,156.76633433,short,False,True,-483.3433000001719,12,6.20676856387326
156.639,156.418,short,True,False,2210.0000000000364,19,4.305111218946711
156.63,156.67233432999998,short,False,True,-423.3432999998854,4,5.007756116609061
156.576,156.418,short,True,False,1579.9999999998704,6,5.386180628632863
156.549,156.58633433,short,False,True,-373.3432999999309,2,3.508834898069002
156.514,156.418,short,True,False,960.0000000000364,13,5.877192391737675
156.436,156.3,short,True,False,1359.9999999999568,8,4.799831158883895
156.434,156.44133433,short,False,True,-73.34329999991951,2,18.27024418046818
156.442,156.43433432999998,short,False,True,76.65670000022828,1,78000000.00000295
156.486,156.364,short,True,False,1219.9999999998568,66,4.021845875610877
156.433,156.45833432999999,short,False,True,-253.34329999992633,6,2.723577059271292
156.368,156.277,short,True,False,910.0000000000819,14,2.8143462381937354
156.376,156.38633432999998,short,False,True,-103.34329999977854,1,9.579721181753449
156.316,156.32833433,short,False,True,-123.34329999987403,1,3.1619066459268983
156.336,156.34233433,short,False,True,-63.34329999987176,7,9.314323693294376
156.3,156.33633433,short,False,True,-363.34329999988313,1,5.559480524343318
156.31,156.34533433,short,False,True,-353.3432999998354,5,5.999830759493327
156.31,156.098,short,True,False,2119.999999999891,8,9.085326212500757
156.314,156.34833433,short,False,True,-343.34330000007185,6,6.291079511379269
156.154,156.18733433,short,False,True,-333.3433000000241,1,3.089907611762444
156.187,156.19633432999998,short,False,True,-93.34329999973079,1,11.891587291250529
156.216,156.24633433,short,False,True,-303.34329999988086,1,2.7691397832105134
156.228,156.106,short,True,False,1220.000000000141,3,3.5532949092086423
156.226,156.23033433,short,False,True,-43.34330000006048,1,63.21622949789669
156.133,156.19833433,short,False,True,-653.3432999998467,3,2.7703659010516226
156.084,156.12433433,short,False,True,-403.3433000000741,5,3.2726464031999725
156.226,156.161,short,True,False,649.9999999999773,17,3.0467326604581335
156.19,156.116,short,True,False,739.9999999998386,14,2.9209377157400795
156.173,156.20633433,short,False,True,-333.3433000000241,2,3.929882496513077
156.154,156.18833433,short,False,True,-343.34330000007185,2,3.262041228122737
156.123,156.15333433,short,False,True,-303.3433000001651,10,2.6702419338071675
156.114,156.09033433,short,False,True,236.6567000001396,1,33999999.99999181
156.414,156.41633432999998,short,False,True,-23.343299999964984,16,50.54983656988173
156.371,156.334,short,True,False,370.0000000000614,17,3.2644188055282357
156.366,156.37833433,short,False,True,-123.34329999987403,4,4.945546292345782
156.365,156.37633433,short,False,True,-113.34329999982629,1,5.293652117072137
156.358,156.36033433,short,False,True,-23.343299999964984,1,22.70458761189582
156.398,156.41833433,short,False,True,-203.3432999999718,9,3.442454214129646
156.488,156.413,short,True,False,749.9999999998863,30,8.998923728724217
156.464,156.47333433,short,False,True,-93.343300000015,1,5.463702268934088
156.47,156.47633433,short,False,True,-63.34329999987176,5,6.1569258311559745
156.457,156.46033433,short,False,True,-33.34330000001273,1,28.191570720342074
156.441,156.363,short,True,False,780.0000000000296,2,3.342714361203407
156.372,156.37433433,short,False,True,-23.343299999964984,1,3.8554960095736472
156.538,156.446,short,True,False,920.0000000001296,9,2.5320406348498117
156.613,156.556,short,True,False,569.9999999998795,5,2.671750179170507
156.61,156.556,short,True,False,540.0000000000205,6,2.531131748691852
156.594,156.60533433,short,False,True,-113.3433000001105,2,4.23492169364709
156.699,156.606,short,True,False,930.0000000001774,6,6.064823177809505
156.745,156.75833433,short,False,True,-133.34329999992178,3,3.5247365259465315
156.774,156.76233433,short,False,True,116.65670000013506,1,75999999.9999934
156.831,156.83233433,short,False,True,-13.343300000201452,1,11.241596906132585
156.864,156.87733433,short,False,True,-133.34329999992178,1,3.5997309201159693
156.894,156.87733433,short,False,True,166.6567000000896,1,78000000.00000295
156.846,156.816,short,True,False,300.00000000001137,8,2.6468260585360683
156.844,156.816,short,True,False,279.9999999999159,1,5.249019089545412
156.894,156.84333433,short,False,True,506.65670000000773,1,132000000.00000499
156.894,156.83633433,short,False,True,576.6567000000578,1,132000000.00000499
156.894,156.82233433,short,False,True,716.6567000001578,1,132000000.00000499
156.738,156.74633433,short,False,True,-83.34329999996726,2,5.1593829378034295
156.74,156.695,short,True,False,450.00000000015916,8,3.1393165917085404
156.709,156.654,short,True,False,550.0000000000682,5,10.310573211666371
156.704,156.70733433,short,False,True,-33.34330000001273,2,14.99551634061184
156.665,156.67433433,short,False,True,-93.343300000015,6,3.321073928177055
156.666,156.66733433,short,False,True,-13.343299999917235,1,24.73151319403126
156.664,156.67633433,short,False,True,-123.34330000015825,1,2.513310410856343
156.728,156.73633433,short,False,True,-83.34329999996726,11,4.319483389788442
156.728,156.698,short,True,False,300.00000000001137,6,6.921484981567161
156.718,156.72433433,short,False,True,-63.34330000015598,1,3.157397862115261
156.731,156.63,short,True,False,1009.9999999999909,12,4.734153826250453
156.728,156.72533433,short,False,True,26.65669999998954,1,98000000.00001319
156.64,156.594,short,True,False,459.9999999999227,10,2.8161546877021557
156.631,156.594,short,True,False,370.0000000000614,8,2.774792584256415
156.631,156.63233433,short,False,True,-13.343299999917235,1,27.729272369080842
156.613,156.457,short,True,False,1560.0000000000591,20,6.685428722406814
156.613,156.457,short,True,False,1560.0000000000591,16,7.312158385100053
156.577,156.62433433,short,False,True,-473.34330000012415,3,2.5351578864636526
156.592,156.457,short,True,False,1350.0000000001933,11,8.264801800881976
156.592,156.457,short,True,False,1350.0000000001933,9,13.06325615693602
156.501,156.433,short,True,False,680.0000000001205,6,3.0446402466551756
156.488,156.48233433,short,False,True,56.65670000013279,1,55000000.00000682
156.585,156.61033433,short,False,True,-253.34329999992633,1,2.723577059272414
156.625,156.64233432999998,short,False,True,-173.34329999982856,1,6.288099972719838
156.611,156.516,short,True,False,949.9999999999886,8,3.6074584012582895
156.594,156.61933433,short,False,True,-253.34329999992633,1,3.0788262409160074
156.55,156.516,short,True,False,340.00000000020236,2,4.079512090358024
156.94,156.95633433,short,False,True,-163.34330000006503,9,4.407894293795587
156.963,156.96633433,short,False,True,-33.34330000001273,1,21.89345385729056
157.105,157.11933433,short,False,True,-143.34329999996953,1,16.11515850409776
157.101,156.874,short,True,False,2270.0000000000387,13,9.728155897336325
157.038,156.96,short,True,False,780.0000000000296,23,7.547659112895573
156.996,157.00333433,short,False,True,-73.34329999991951,3,6.271874867925383
157.004,156.95,short,True,False,540.0000000000205,1,3.30592072034669
157.038,157.01033433,short,False,True,276.6567000000464,1,91000000.00000818
156.997,157.00033433,short,False,True,-33.343299999728515,1,14.99551634073966
157.034,157.06033433,short,False,True,-263.3432999999741,1,2.8479934746771995
157.048,156.959,short,True,False,889.9999999999864,9,3.814122796757531
157.017,156.941,short,True,False,759.9999999999341,6,10.362228042653769
156.979,157.00233433,short,False,True,-233.34329999983083,4,7.328258407254233
156.966,157.02133433,short,False,True,-553.3432999999377,3,2.8553702556809353
156.964,157.02233433,short,False,True,-583.343300000081,11,2.6742400229844803
156.96,156.96833433,short,False,True,-83.34329999996726,1,18.23781875688567
156.946,156.95433433,short,False,True,-83.34329999996726,7,16.558019660855695
156.911,156.808,short,True,False,1030.0000000000864,16,2.686886662686276
156.88,156.88433433,short,False,True,-43.34330000006048,1,16.61156395565226
156.863,156.88733433,short,False,True,-243.34329999987858,1,4.643645417813268
156.911,156.90433432999998,short,False,True,66.65670000018054,1,74999999.99998863
156.897,156.836,short,True,False,609.9999999997863,4,4.255518046535247
156.883,156.836,short,True,False,469.99999999997044,2,2.711382557043943
156.855,156.87033433,short,False,True,-153.34330000001728,1,2.804165555324106
156.87,156.87633433,short,False,True,-63.34329999987176,1,15.155509738235613
156.841,156.84533433,short,False,True,-43.343299999776264,4,15.457983125501087
156.821,156.80633433,short,False,True,146.6566999999941,1,50999999.99998772
156.854,156.86033433,short,False,True,-63.34329999987176,1,13.26107102095616
156.94,156.93,short,True,False,99.99999999990905,1,9999999.999990905
156.96,156.93,short,True,False,300.00000000001137,3,2.9029458126521437
157.03,157.03833433,short,False,True,-83.34329999996726,1,8.638966779576885
157.012,157.02633433,short,False,True,-143.34329999996953,1,3.767179910049059
157.007,157.03733433,short,False,True,-303.34329999988086,32,8.274453399831259
156.937,156.94233433,short,False,True,-53.34329999982401,1,33.93115911475457
156.937,156.93733433,short,False,True,-3.343299999869487,1,541.3812700238607
156.986,156.896,short,True,False,900.0000000000341,4,4.029670914684985
156.95,156.95833432999999,short,False,True,-83.34329999996726,1,8.878938079007302
156.999,156.918,short,True,False,809.9999999998886,5,4.189439199600952
157.192,157.092,short,True,False,999.9999999999432,12,2.9999103026815623
157.144,157.092,short,True,False,519.999999999925,2,3.627654728194729
157.206,157.143,short,True,False,629.9999999998818,3,6.749279273389526
157.206,157.21333433,short,False,True,-73.34330000020373,1,8.589741666902523
157.268,157.189,short,True,False,790.0000000000773,9,3.1182983722099893
157.245,157.25333433,short,False,True,-83.34329999996726,1,6.719196384116492
157.221,157.22233433,short,False,True,-13.343299999917235,2,41.219188656740066
157.253,157.097,short,True,False,1559.999999999775,62,8.508628349104708
157.24,157.24233433,short,False,True,-23.343299999964984,1,61.25954770757142
157.214,157.22433433,short,False,True,-103.34330000006275,1,11.321488669310847
157.198,157.22433433,short,False,True,-263.3432999999741,55,3.8352978792325088
157.166,157.18033433,short,False,True,-143.34329999996953,24,4.813618773950584
157.146,157.13433433,short,False,True,116.65669999985084,1,29999999.999972712
157.164,157.16433433,short,False,True,-3.343300000153704,1,143.57072352994544
157.192,157.18433432999998,short,False,True,76.65670000022828,1,28000000.00002001
157.195,157.132,short,True,False,629.9999999998818,22,5.558334722910552
157.178,157.19233433,short,False,True,-143.34329999996953,1,3.2090791826337224
157.158,157.16833433,short,False,True,-103.34330000006275,10,2.5158863709564385
157.164,157.17033433,short,False,True,-63.34330000015598,1,3.7888774345419027
157.253,157.25033433,short,False,True,26.65669999998954,1,81999999.99999362
157.246,157.171,short,True,False,750.0000000001705,8,2.8479934746782787
157.192,157.19433433,short,False,True,-23.343299999964984,1,8.139380464644654
157.202,157.147,short,True,False,550.0000000000682,8,3.8369425009762237
157.176,157.18233433,short,False,True,-63.34330000015598,1,10.735152731199067
157.152,157.16433433,short,False,True,-123.34330000015825,1,3.567279292829547
157.13,157.13933433,short,False,True,-93.343300000015,1,4.285256681517111
157.188,157.19433433,short,False,True,-63.34330000015598,1,3.157397862115261
157.208,157.176,short,True,False,320.00000000010687,5,7.382917313625413
157.21,157.20933433,short,False,True,6.656700000178262,2,16000000.000019554
157.209,157.20833432999999,short,False,True,6.656700000178262,11,58999999.9999975
157.216,157.21433432999999,short,False,True,16.65670000022601,4,22000000.00001978
157.274,157.28433433,short,False,True,-103.34330000006275,3,7.1605996711898445
157.245,157.25533432999998,short,False,True,-103.34329999977854,3,4.35441871897959
157.245,157.24433433,short,False,True,6.656700000178262,3,28999999.99999636
157.233,157.208,short,True,False,250.00000000005684,3,5.767904151269239
157.3,157.152,short,True,False,1480.0000000002456,10,7.278331767018883
157.279,157.30033433,short,False,True,-213.34330000001955,4,5.952846890434239
157.282,157.28333433,short,False,True,-13.343299999917235,1,97.42717318866414
157.39,157.313,short,True,False,769.9999999999818,12,3.039354109618616
157.41,157.39633433,short,False,True,136.65669999994634,1,30000000.000001136
157.406,157.40633433,short,False,True,-3.343299999869487,1,26.919510664211668
157.385,157.39233432999998,short,False,True,-73.34329999991951,8,6.2718748679215075
157.39,157.38933433,short,False,True,6.656699999894045,1,31999999.999982264
