zone_idx,imp_idx,retest_idx,direction,entry,stop,tp,rr
17,18,81,short,155.678,155.67833432999998,155.577,302.0967307867731
22,23,65,short,155.658,155.66833433,155.577,7.837953694137856
24,25,26,short,155.658,155.66033432999998,155.577,34.69946408610195
27,28,60,short,155.638,155.65733433,155.577,3.1550097676015154
32,33,34,short,155.612,155.61233433,155.577,104.6869859072997
47,48,49,short,155.612,155.62433433,155.577,2.8376085283879777
52,53,57,short,155.612,155.60333433,155.577,34999999.99999659
67,68,78,short,155.657,155.66133433,155.604,12.22795680076756
71,72,73,short,155.632,155.64033433,155.604,3.3595981920565405
85,86,88,short,155.696,155.69833433,155.67,11.138099583199232
103,104,105,short,155.692,155.69033432999998,155.572,120000000.00000454
109,110,189,short,155.702,155.69633432999998,155.572,129999999.99999544
116,117,176,short,155.673,155.68233433,155.572,10.82027312083276
118,119,174,short,155.666,155.67233432999998,155.572,14.839769952020875
150,151,169,short,155.642,155.64333433,155.606,26.979832575318447
161,162,168,short,155.625,155.62533433,155.589,107.67804265667665
196,197,198,short,155.741,155.75533432999998,155.7,2.860266228007535
224,225,231,short,155.764,155.77033433,155.731,5.209706472520735
225,226,231,short,155.764,155.76733432999998,155.731,9.897040784890564
239,240,243,short,155.762,155.77833433,155.676,5.264984850923086
244,245,258,short,155.762,155.77233433,155.676,8.321777996247508
247,248,249,short,155.712,155.71033433,155.676,36000000.00000136
249,250,252,short,155.735,155.72033433,155.688,47000000.000025466
281,282,291,short,155.691,155.69833433,155.63,8.317051455289576
283,284,286,short,155.674,155.68033433,155.634,6.31479572426783
287,288,290,short,155.676,155.68233433,155.634,6.63053551044833
291,292,293,short,155.698,155.69633432999998,155.634,64000000.00002137
297,298,300,short,155.68,155.68533433,155.634,8.623388504305593
313,314,315,short,155.742,155.72433433,155.671,70999999.99999794
316,317,320,short,155.742,155.75233433,155.671,6.870305089924053
328,329,330,short,155.805,155.79533433,155.76,45000000.000015914
331,332,343,short,155.81,155.82033433,155.76,4.838243021074517
348,349,351,short,155.826,155.82833433,155.76,28.27363740349544
349,350,351,short,155.826,155.82233433,155.76,66000000.000002496
365,366,367,short,155.84,155.88033432999998,155.733,2.652827008656275
370,371,1436,short,155.85,155.85433433,155.733,26.993791427931644
381,382,1424,short,155.798,155.81833433,155.647,7.425865519052332
391,392,403,short,155.748,155.76633433,155.647,5.50879143115187
392,393,403,short,155.748,155.77633433,155.647,3.564580492991163
403,404,425,short,155.733,155.75433433,155.647,4.031061673837653
404,405,425,short,155.733,155.75933433,155.647,3.2656991842975005
457,458,461,short,155.642,155.67233432999998,155.382,8.571146948031917
463,464,1338,short,155.652,155.66433433,155.382,21.890122933279343
468,469,471,short,155.592,155.62233433,155.382,6.922849458026284
469,470,471,short,155.592,155.61833433,155.382,7.9743817290976695
479,480,505,short,155.594,155.55633433,155.382,211999999.99998906
481,482,504,short,155.536,155.54433433,155.382,18.47779005631609
483,484,485,short,155.516,155.51233433,155.382,133999999.99998613
485,486,487,short,155.48,155.51833433,155.382,2.5564552712931263
486,487,501,short,155.491,155.52333432999998,155.382,3.3710301094877377
505,506,507,short,155.558,155.60333433,155.441,2.5808256127306355
518,519,1023,short,155.521,155.53633433,155.441,5.217052195953463
520,521,524,short,155.502,155.50233433,155.441,182.45446116827182
525,526,531,short,155.507,155.52133433,155.438,4.813618773952567
526,527,530,short,155.49,155.50733433,155.438,2.9998275099223535
548,549,562,short,155.474,155.49033433,155.409,3.9793490152318367
550,551,557,short,155.46,155.47233433,155.409,4.134800998519435
562,563,564,short,155.454,155.47833433,155.392,2.5478408487122004
574,575,577,short,155.486,155.50633433,155.392,4.622724230402827
580,581,594,short,155.463,155.48633433,155.392,3.042727174937654
582,583,585,short,155.449,155.45633433,155.392,7.7716710319932325
583,584,585,short,155.449,155.45433433,155.39,11.060433081609231
600,601,703,short,155.463,155.48433433,155.39,3.42171514174576
609,610,699,short,155.39,155.40833433,155.128,14.290132227344607
611,612,672,short,155.327,155.38233433,155.128,3.5963207650663644
615,616,617,short,155.291,155.31733433,155.128,6.189639151633132
618,619,634,short,155.296,155.30233433,155.128,26.52214204179332
622,623,624,short,155.208,155.20633433,155.162,45999999.99999227
628,629,631,short,155.224,155.24233433,155.162,3.38163434387453
662,663,664,short,155.304,155.31633433,155.218,6.972409526913951
672,673,674,short,155.339,155.36233433,155.218,5.18549279109148
674,675,676,short,155.336,155.34333433,155.218,16.08872248728281
684,685,688,short,155.29,155.31033433,155.218,3.5408100488195435
685,686,688,short,155.29,155.29833433,155.178,13.438392768229573
706,707,940,short,155.448,155.48533433,155.178,7.231949789913472
711,712,890,short,155.378,155.43233433,155.178,3.6809140740287867
721,722,723,short,155.221,155.24033433,155.104,6.051412177201702
729,730,815,short,155.221,155.26233433,155.104,2.8305769078641454
735,736,737,short,155.148,155.17833432999998,155.05,3.230663080411641
744,745,747,short,155.116,155.15233433,154.89,6.22001286387007
747,748,749,short,155.098,155.12433433,154.89,7.898435236440316
752,753,754,short,155.062,155.06433433,154.89,73.68281262729926
756,757,771,short,155.017,155.05033433,154.89,3.809886084406087
791,792,807,short,155.134,155.13633432999998,154.949,79.25186241887452
792,793,804,short,155.098,155.11133433,154.949,11.174164731192967
830,831,832,short,155.211,155.22133433,155.184,2.612651231388304
839,840,841,short,155.237,155.24733433,155.192,4.354418718964864
847,848,849,short,155.31,155.31833433,155.264,5.519339886950761
862,863,865,short,155.317,155.32433433,155.264,7.226290608693015
931,932,933,short,155.399,155.40433432999998,155.38,3.5618343822126004
935,936,937,short,155.419,155.42833432999998,155.38,4.178125264494417
952,953,974,short,155.44,155.45833432999999,155.38,3.272549365045941
953,954,972,short,155.434,155.45433433,155.38,2.655607536614658
957,958,959,short,155.408,155.41233433,155.38,6.460052649418137
965,966,968,short,155.403,155.40033433,155.38,22999999.999996133
975,976,977,short,155.438,155.44533433,155.38,7.908016137783767
991,992,993,short,155.452,155.45133433,155.38,72000000.00000273
998,999,1000,short,155.434,155.44833433,155.38,3.767179910049059
1000,1001,1003,short,155.44,155.44233433,155.38,25.703306730450397
1024,1025,1028,short,155.505,155.52633433,155.416,4.17168010431968
1029,1030,1090,short,155.49,155.50533432999998,155.416,4.825773281267659
1034,1035,1039,short,155.452,155.46633433,155.416,2.511453273366039
1045,1046,1079,short,155.43,155.44733433,155.378,2.9998275099223535
1046,1047,1075,short,155.423,155.44033432999998,155.378,2.5960045758942183
1057,1058,1060,short,155.402,155.39833432999998,155.349,52999999.999997266
1064,1065,1075,short,155.423,155.41033432999998,155.349,74000000.00001228
1081,1082,1083,short,155.471,155.44433433,155.452,19000000.000005458
1128,1129,1130,short,155.474,155.47833433,155.46,3.2300263247057903
1147,1148,1149,short,155.441,155.47533433,155.328,3.291166596231116
1169,1170,1171,short,155.462,155.49033433,155.384,2.752844341122017
1170,1171,1172,short,155.469,155.48133433,155.384,6.891334997514977
1194,1195,1197,short,155.493,155.47633433,155.457,36000000.00000136
1217,1218,1219,short,155.524,155.54833433,155.382,5.835377427694404
1233,1234,1285,short,155.51,155.51433433,155.382,29.531669254488534
1238,1239,1241,short,155.478,155.49933433,155.382,4.499789775446186
1270,1271,1274,short,155.442,155.44233433,155.408,101.69592917580684
1277,1278,1283,short,155.462,155.45933433,155.408,54000000.00000204
1291,1292,1309,short,155.56,155.57633433,155.484,4.652777310116984
1292,1293,1309,short,155.56,155.57633433,155.484,4.652777310116984
1324,1325,1326,short,155.596,155.60733433,155.558,3.3526463408131892
1329,1330,1331,short,155.606,155.61233433,155.558,7.5777548690838055
1332,1333,1336,short,155.616,155.61633433,155.558,173.48129094692462
1339,1340,1403,short,155.648,155.66033432999998,155.558,7.296707644444029
1357,1358,1382,short,155.594,155.61033433,155.517,4.713998064197768
1363,1364,1381,short,155.589,155.59833433,155.517,7.713462026732626
1364,1365,1377,short,155.578,155.58633433,155.517,7.319124632697651
1466,1467,1491,short,155.892,155.91033432999998,155.782,5.999673835916526
1467,1468,1491,short,155.892,155.91033432999998,155.782,5.999673835916526
1473,1474,1487,short,155.848,155.86833433,155.782,3.2457425447512485
1488,1489,1490,short,155.873,155.87433433,155.86,9.742717318639722
1495,1496,1515,short,155.93,155.90833433,155.86,69999999.99999318
1534,1535,1553,short,156.0,156.01133432999998,155.897,9.087436134307586
1536,1537,1540,short,155.983,155.99733433,155.897,5.999582819708421
1545,1546,1552,short,155.978,155.97333433,155.897,81000000.00001727
1553,1554,1558,short,155.978,156.00233433,155.899,3.2464423717458892
1563,1564,1581,short,155.976,155.98533433,155.899,8.249119111921884
1564,1565,1580,short,155.97,155.98333433,155.899,5.324601986004517
1586,1587,1709,short,155.981,155.99433433,155.844,10.274232001163973
1587,1588,1709,short,155.981,156.00033433,155.844,7.085841609202609
1588,1589,1708,short,155.964,155.98033433,155.844,7.3464904896593115
1589,1590,1708,short,155.964,155.97833433,155.844,8.371510911220131
1593,1594,1663,short,155.919,155.94833433,155.844,2.5567313110631713
1599,1600,1638,short,155.904,155.90633433,155.844,25.703306730450397
1613,1614,1619,short,155.88,155.88233433,155.841,16.70714937478667
1625,1626,1638,short,155.904,155.88033432999998,155.827,76999999.99999818
1631,1632,1633,short,155.866,155.85533433,155.84,26000000.000010457
1641,1642,1653,short,155.911,155.92833432999998,155.84,4.095918330853755
1643,1644,1647,short,155.896,155.88833433,155.84,55999999.99998317
1654,1655,1662,short,155.934,155.92733433,155.873,61000000.00000705
1655,1656,1658,short,155.91,155.92233432999998,155.873,2.9997575871607074
1658,1659,1660,short,155.907,155.91233433,155.786,22.68326106566495
1662,1663,1664,short,155.909,155.93633433,155.786,4.4998359206163325
1665,1666,1703,short,155.932,155.93233433,155.786,436.6942840704526
1681,1682,1685,short,155.84,155.85333433,155.757,6.224534716033508
1685,1686,1692,short,155.831,155.84433433,155.757,5.5495851684988695
1730,1731,1733,short,156.226,156.21833433,156.142,84000000.00000317
1772,1773,1786,short,156.336,156.36733433,156.232,3.319043362345297
1803,1804,1806,short,156.45,156.45833432999999,156.405,5.399354237233847
1814,1815,1816,short,156.449,156.46733433,156.376,3.98160172747282
1816,1817,1820,short,156.462,156.45833432999999,156.376,85999999.99998431
1818,1819,1820,short,156.462,156.42033433,156.376,85999999.99998431
1831,1832,1835,short,156.505,156.51933433,156.46,3.1393165917065575
1842,1843,1852,short,156.48,156.48033433,156.394,257.23087965791456
1858,1859,1882,short,156.541,156.56233433,156.402,6.515320612365013
1862,1863,1864,short,156.472,156.49633433,156.402,2.876594506610888
1864,1865,1868,short,156.464,156.47833433,156.402,4.325280637464395
1865,1866,1868,short,156.464,156.47233433,156.402,7.439110282414565
1868,1869,1870,short,156.448,156.46633433,156.392,3.0543794073767288
1879,1880,1881,short,156.51,156.52233433,156.392,9.566794467137138
1892,1893,1925,short,156.632,156.58133433,156.392,240000000.0000091
1894,1895,1897,short,156.504,156.52633433,156.392,5.014701582718668
1897,1898,1900,short,156.522,156.51033433,156.392,129999999.99999544
1905,1906,1920,short,156.462,156.47333433,156.392,6.17592746990117
1943,1944,1948,short,156.755,156.76433433,156.698,6.106490771161806
1959,1960,1982,short,156.798,156.76133432999998,156.618,180000000.00000682
1980,1981,1982,short,156.798,156.71433432999999,156.672,126000000.00000477
1982,1983,1984,short,156.81,156.80033433,156.748,62000000.00001182
2007,2008,2011,short,156.798,156.81233433,156.748,3.488129546342382
2064,2065,2066,short,157.005,156.99933433,156.924,80999999.99998885
2093,2094,2097,short,157.146,157.17033433,157.079,2.7533118848940585
2116,2117,2118,short,157.248,157.27933432999998,157.079,5.393445463809861
2121,2122,2123,short,157.288,157.30233433,157.079,14.580381503708063
2133,2134,2148,short,157.324,157.34133433,157.079,14.133802690974896
2134,2135,2147,short,157.266,157.33533433,157.079,2.69707661413867
2145,2146,2147,short,157.266,157.25433433,157.262,3999999.9999906775
2159,2160,2163,short,157.341,157.35433433,157.262,5.924557139357888
2177,2178,2179,short,157.242,157.26233433,157.07,8.458601783290666
2198,2199,2282,short,157.394,157.42533433,157.07,10.340096628844021
2217,2218,2230,short,157.199,157.20833432999999,157.034,17.676683811317613
2218,2219,2229,short,157.178,157.20233432999999,157.034,5.917565842169368
2240,2241,2242,short,157.243,157.25633433,157.198,3.3747477376076556
2251,2252,2253,short,157.315,157.32833433,157.26,4.124691679299904
2267,2268,2273,short,157.298,157.31233433,157.255,2.9997914098542107
2275,2276,2277,short,157.342,157.34633433,157.246,22.14875194101492
2282,2283,3673,short,157.396,157.39633433,157.246,448.65851103126016
2286,2287,2288,short,157.33,157.36233433,157.246,2.5978580660248514
2290,2291,2309,short,157.32,157.34433433,157.246,3.040971335554928
2291,2292,2294,short,157.32,157.34133433,157.246,3.468587951905547
2295,2296,2308,short,157.308,157.32033433,157.246,5.026620821714991
2310,2311,2312,short,157.332,157.34633433,157.185,10.25510086624367
2314,2315,3650,short,157.334,157.32933433,157.185,149000000.0000009
2332,2333,2345,short,157.212,157.22633433,157.14,5.022906546732078
2341,2342,2343,short,157.202,157.21133433,157.104,10.498878869717378
2348,2349,2431,short,157.214,157.22833433,157.104,7.673885001950464
2354,2355,2357,short,157.166,157.17833432999998,157.104,5.026620821726573
2357,2358,2368,short,157.17,157.17433433,157.104,15.227266959341348
2369,2370,2423,short,157.148,157.17033433,157.07,3.4923814593936533
2371,2372,2373,short,157.136,157.14433433,157.07,7.919052881278811
2381,2382,2383,short,157.094,157.09433433,157.069,74.77641850523837
2404,2405,2409,short,157.105,157.11033433,157.065,7.49859869935135
2406,2407,2409,short,157.105,157.09733433,157.098,6999999.99997658
2435,2436,2437,short,157.202,157.22633433,157.098,4.273797552677098
2437,2438,2601,short,157.206,157.22033433,157.098,7.534359820096134
2456,2457,2459,short,157.118,157.12233433,157.098,4.614323321010145
2484,2485,2502,short,157.132,157.14233432999998,157.07,5.99942134614868
2486,2487,2489,short,157.112,157.12033433,157.07,5.039397288086516
2492,2493,2501,short,157.126,157.13033432999998,157.035,20.995171110754818
2493,2494,2500,short,157.108,157.12833433,157.035,3.5899879661644927
2530,2531,2538,short,157.122,157.12433433,157.086,15.421984038270239
2539,2540,2541,short,157.12,157.12533433,157.086,6.373808894482341
2547,2548,2549,short,157.11,157.11533433,157.086,4.499159219635847
2554,2555,2560,short,157.137,157.13233433,157.086,50999999.99998772
2561,2562,2564,short,157.151,157.15333433,157.069,35.12785253162366
2567,2568,2600,short,157.162,157.15333433,157.069,93000000.00001773
2569,2570,2591,short,157.124,157.13833433,157.069,3.8369425009762237
2602,2603,2606,short,157.206,157.21033433,157.164,9.690078974130484
2613,2614,2617,short,157.212,157.22333433,157.164,4.23492169364709
2630,2631,2704,short,157.221,157.22833433,157.171,6.817255291221726
2645,2646,2649,short,157.18,157.18933433,157.128,5.570833685975593
2653,2654,2666,short,157.18,157.19633432999998,157.128,3.1834792121924007
2659,2660,2661,short,157.163,157.16333433,157.098,194.41868813009646
2662,2663,2665,short,157.161,157.17233432999998,157.098,5.5583347229244895
2681,2682,2683,short,157.173,157.19833433,157.098,2.960409847034062
2682,2683,2702,short,157.193,157.20233432999999,157.098,10.17748461863603
2683,2684,2702,short,157.193,157.19433433,157.098,71.19678040708679
2702,2703,2704,short,157.221,157.20633433,157.146,75000000.00001705
2729,2730,2731,short,157.216,157.23033433,156.9,22.044978732879017
2731,2732,3635,short,157.196,157.22333433,156.9,10.828873434979698
2734,2735,3630,short,157.18,157.19533433,156.9,18.25968268584083
2737,2738,2739,short,157.158,157.17233432999998,156.9,17.9987484591213
2739,2740,3135,short,157.133,157.16333433,156.9,7.681066303429006
2742,2743,2745,short,157.118,157.14533433,156.9,7.9753189487348655
2751,2752,2773,short,157.106,157.12833433,156.9,9.223468982500338
2754,2755,2767,short,157.094,157.09533433,156.9,145.39131998920186
2760,2761,2767,short,157.094,157.06633433,156.9,193999999.99998838
2762,2763,2766,short,157.038,157.00833433,156.9,138000000.00000522
2777,2778,2783,short,157.068,157.09233433,156.984,3.451913407932131
2793,2794,2795,short,157.065,157.06633433,157.008,42.718068244243554
2800,2801,3116,short,157.076,157.05633433,157.008,67999999.99998362
2801,2802,2805,short,157.03,157.05333432999998,156.909,5.185492791097796
2810,2811,2977,short,157.029,157.03333433,156.909,27.6859399260871
2811,2812,2957,short,157.005,157.02733433,156.909,4.2983156423306506
2819,2820,2821,short,156.951,156.96433432999999,156.909,3.1497645551014735
2832,2833,2886,short,156.957,156.96933433,156.892,5.269844409863716
2837,2838,2841,short,156.92,156.93033433,156.824,9.289426600458562
2843,2844,2872,short,156.93,156.93233433,156.824,45.40917522379164
2844,2845,2872,short,156.93,156.93033433,156.824,317.05201448907513
2845,2846,2872,short,156.93,156.92133433,156.824,105999999.99999453
2846,2847,2867,short,156.882,156.90233433,156.824,2.8523192059930556
2849,2850,2851,short,156.852,156.86033433,156.824,3.3595981920565405
2856,2857,2861,short,156.85,156.86233433,156.814,2.9186830577708864
2892,2893,2944,short,156.966,156.99633433,156.861,3.4614247290136104
2893,2894,2944,short,156.966,156.99033433,156.861,4.3148917599157475
2894,2895,2927,short,156.954,156.97833433,156.861,3.8217612730683004
2896,2897,2923,short,156.946,156.94233433,156.861,85000000.00000796
2903,2904,2905,short,156.9,156.90833433,156.861,4.679440338939184
2906,2907,2912,short,156.89,156.89933433,156.861,3.1068110941001335
2923,2924,2925,short,156.943,156.94833433,156.92,4.31169425215546
2940,2941,2942,short,156.958,156.96033433,156.924,14.565207147251167
2945,2946,2951,short,156.962,156.97433433,156.924,3.0808321165343995
2960,2961,2973,short,157.021,157.02033433,156.932,88999999.99999863
2963,2964,2965,short,156.966,156.97833433,156.932,2.756533999013725
2975,2976,2977,short,157.029,157.02633433,156.932,97000000.0000084
2980,2981,3046,short,157.004,157.01833433,156.932,5.022906546732078
2997,2998,3002,short,156.926,156.93633433,156.886,3.870594416857963
3006,3007,3008,short,156.949,156.95533433,156.892,8.998583907079638
3013,3014,3015,short,156.918,156.92333433,156.892,4.874089154607277
3021,3022,3023,short,156.977,156.97533433,156.933,44000000.00001114
3023,3024,3025,short,156.974,156.97933433,156.933,7.686063666836066
3047,3048,3054,short,157.004,157.01433433,156.94,6.192951066973291
3069,3070,3072,short,156.971,156.97533433,156.931,9.228646642026847
3081,3082,3083,short,156.93,156.94933433,156.868,3.2067312392017815
3087,3088,3089,short,156.948,156.95833432999999,156.868,7.741188833739966
3089,3090,3100,short,156.932,156.95233432999999,156.868,3.1473867100613506
3090,3091,3100,short,156.932,156.95433433,156.868,2.865543761553343
3132,3133,3134,short,157.127,157.14733433,156.982,7.130798014984037
3135,3136,3138,short,157.113,157.15333433,156.982,3.247853627418037
3138,3139,3140,short,157.113,157.12733433,156.982,9.138899411414979
3148,3149,3159,short,157.12,157.15133433,156.982,4.404115230803935
3149,3150,3155,short,157.11,157.13233433,156.982,5.731087523115251
3162,3163,3629,short,157.14,157.16433433,157.048,3.780667065825235
3171,3172,3177,short,157.084,157.11033433,157.012,2.7340737356906297
3178,3179,3186,short,157.08,157.09233433,157.012,5.513067998025146
3184,3185,3186,short,157.08,157.05033433,157.012,68000000.00001204
3200,3201,3202,short,157.038,157.05933432999998,156.75,13.499369326356543
3203,3204,3206,short,157.01,157.05833433,156.75,5.379199422023611
3205,3206,3207,short,157.0,157.02833433,156.75,8.823219042057413
3211,3212,3455,short,156.966,157.00433433,156.75,5.634636108157368
3223,3224,3225,short,156.874,156.87933433,156.793,15.184662366187416
3240,3241,3242,short,156.892,156.92733433,156.722,4.811185042985956
3243,3244,3445,short,156.856,156.89433433,156.722,3.495561289319354
3259,3260,3264,short,156.788,156.80933432999998,156.722,3.0936054706233747
3273,3274,3275,short,156.805,156.82433433,156.724,4.189439199602422
3279,3280,3281,short,156.752,156.80833433,156.59,2.8756887674000975
3283,3284,3320,short,156.754,156.78133433,156.59,5.999781227488443
3292,3293,3298,short,156.683,156.70033433,156.59,5.365076123503407
3293,3294,3297,short,156.665,156.68733433,156.59,3.358059095570184
3330,3331,3409,short,156.732,156.77033433,156.6,3.443388732762836
3331,3332,3378,short,156.732,156.76833433,156.6,3.6329278673928336
3358,3359,3360,short,156.662,156.67933433,156.582,4.615119246033255
3366,3367,3376,short,156.68,156.71333433,156.582,2.9399120966284937
3369,3370,3372,short,156.646,156.65433432999998,156.582,7.679081581844983
3390,3391,3399,short,156.71,156.73233433,156.649,2.731221397734622
3402,3403,3407,short,156.719,156.73533433,156.653,4.040569769312621
3416,3417,3420,short,156.718,156.72033433,156.661,24.41814139392179
3451,3452,3453,short,156.916,156.89633433,156.867,49000000.000006594
3471,3472,3473,short,156.922,156.93233433,156.75,16.643555992492267
3476,3477,3478,short,156.906,156.91733433,156.75,13.763495504387556
3484,3485,3486,short,156.901,156.94833433,156.75,3.190073673802112
3492,3493,3559,short,156.93,156.97833433,156.75,3.724061138326499
3495,3496,3498,short,156.88,156.93033433,156.75,2.582730315472557
3499,3500,3501,short,156.863,156.88233433,156.75,5.844526290802109
3501,3502,3503,short,156.856,156.87033433,156.75,7.394834638243788
3503,3504,3516,short,156.855,156.87233433,156.75,6.057344010407178
3520,3521,3522,short,156.902,156.89633433,156.764,137999999.9999768
3543,3544,3545,short,156.848,156.85433433,156.755,14.681900058917993
3583,3584,3585,short,156.971,156.98033433,156.909,6.64214785635411
3588,3589,3590,short,156.962,156.97533433,156.909,3.974702890952556
3613,3614,3615,short,157.076,157.09633433,156.996,3.934233387576339
3658,3659,3672,short,157.379,157.37533433,157.264,114999999.99998067
3716,3717,3718,short,157.562,157.56833433,157.534,4.420357006988379
3722,3723,3724,short,157.594,157.60033433,157.538,8.840714013928116
3724,3725,3726,short,157.599,157.60433433,157.538,11.435363016509077
3729,3730,3732,short,157.589,157.60833433,157.538,2.6377950516003272
3774,3775,3793,short,157.692,157.71033433,157.539,8.345000880867925
3775,3776,3792,short,157.697,157.70833432999999,157.539,13.939950574957463
3776,3777,3783,short,157.662,157.69733433,157.539,3.48103388404637
3786,3787,3788,short,157.634,157.64633433,157.539,7.702080291339454
3798,3799,3800,short,157.606,157.63633432999998,157.387,7.2195430062269415
3800,3801,3802,short,157.594,157.61533433,157.387,9.702671703305173
3802,3803,3804,short,157.582,157.60333433,157.387,9.140197981374401
3804,3805,3806,short,157.55,157.59833433,157.387,3.3723442530402052
3811,3812,3820,short,157.525,157.57233433,157.387,2.915431569434951
3827,3828,3829,short,157.451,157.45433433,157.387,19.194260915976677
3842,3843,3846,short,157.48,157.50233433,157.37,4.925153340169688
3857,3858,3861,short,157.413,157.42833432999998,157.37,2.804165555331157
3864,3865,3874,short,157.423,157.43933433,157.36,3.8569075070702685
3879,3880,4076,short,157.471,157.47133433,157.378,278.1682768631239
3905,3906,3935,short,157.366,157.37433433,157.318,5.75931118638459
3971,3972,3974,short,157.391,157.39233432999998,157.373,13.489916287659224
3976,3977,3978,short,157.399,157.40833433,157.356,4.606650932632492
3985,3986,3998,short,157.388,157.39533433,157.356,4.36304338638237
3999,4000,4001,short,157.394,157.39833432999998,157.33,14.765834627341093
4004,4005,4006,short,157.404,157.41533433,157.33,6.528837611037592
4007,4008,4009,short,157.404,157.40633433,157.33,31.700744967547372
4011,4012,4013,short,157.391,157.39333433,157.33,26.13169517594776
4016,4017,4018,short,157.384,157.39033433,157.33,8.524974227714795
4018,4019,4026,short,157.381,157.38633432999998,157.33,9.560713341723512
4021,4022,4025,short,157.356,157.36533433,157.33,2.785416842984752
4050,4051,4052,short,157.418,157.41633432999998,157.384,34000000.000020236
4055,4056,4057,short,157.428,157.42833432999998,157.384,131.60649658041092
4057,4058,4070,short,157.418,157.43033433,157.384,2.756533999013725
4063,4064,4066,short,157.406,157.40633433,157.397,26.919510664211668
4107,4108,4109,short,157.391,157.40333433,157.324,5.431993468627229
4110,4111,9860,short,157.403,157.40633433,157.324,23.692915818155114
4115,4116,4117,short,157.355,157.36933433,157.138,15.138482231121417
4119,4120,4121,short,157.338,157.35233433,157.138,13.952518185365562
4121,4122,4123,short,157.305,157.34233433,157.138,4.473094870057465
4122,4123,7046,short,157.335,157.34833433,157.138,14.773895651308935
4123,4124,7023,short,157.306,157.33633433,157.138,5.538279566421027
4138,4139,7007,short,157.218,157.24933433,157.038,5.74449812712945
4140,4141,4145,short,157.18,157.20833432999999,157.038,5.011588415893493
4162,4163,4166,short,157.106,157.13233433,156.89,8.202221207071888
4166,4167,4168,short,157.065,157.11033433,156.89,3.8602092498113527
4170,4171,4172,short,157.11,157.12033433,156.89,21.288269292784218
4178,4179,4180,short,157.14,157.14833432999998,156.89,29.996412429085268
4186,4187,4251,short,157.128,157.14933433,156.89,11.155728818293227
4189,4190,4250,short,157.12,157.12233433,156.89,98.52934246673058
4191,4192,4249,short,157.098,157.10833433,156.89,20.127090967723362
4195,4196,4246,short,157.024,157.03533432999998,156.89,11.822489728128607
4197,4198,4225,short,156.976,157.00033433,156.89,3.534101822407095
4198,4199,4205,short,156.962,156.99033433,156.89,2.541087084112631
4199,4200,4202,short,156.939,156.96433432999999,156.874,2.565688534096486
4220,4221,4222,short,156.962,156.96033433,156.959,2999999.9999859026
4231,4232,4244,short,156.993,157.00233433,156.959,3.642468179289392
4251,4252,4254,short,157.125,157.13033432999998,157.014,20.80861139081313
4261,4262,4266,short,157.075,157.08033433,157.014,11.435363016509077
4268,4269,5556,short,157.062,157.07233433,156.972,8.708837437956431
4275,4276,4279,short,157.038,157.06233433,156.972,2.71221767766096
4280,4281,5518,short,157.028,157.04733432999998,156.803,11.63733111000395
4281,4282,5516,short,157.01,157.04133432999998,156.803,6.60617284620545
4293,4294,4295,short,156.94,156.98233433,156.803,3.2361442829032026
4295,4296,4825,short,156.942,156.95933433,156.803,8.018769689982104
4296,4297,4824,short,156.922,156.94733433,156.803,4.697183623961414
4297,4298,4823,short,156.899,156.93233433,156.803,2.879913890574573
4298,4299,4302,short,156.884,156.91033432999998,156.803,3.0758329526514188
4299,4300,4302,short,156.884,156.87933433,156.803,80999999.99998885
4305,4306,4310,short,156.85,156.86733433,156.784,3.8074733779707413
4333,4334,4337,short,156.8,156.81033433,156.774,2.5158863709661077
4339,4340,4342,short,156.798,156.80233433,156.75,11.07437597043484
4344,4345,4351,short,156.794,156.80433433,156.75,4.2576538585573935
4351,4352,4353,short,156.79,156.79633433,156.724,10.419412944990233
4355,4356,4357,short,156.767,156.78033433,156.724,3.2247589492709112
4392,4393,4394,short,156.856,156.88233433,156.702,5.847879934671265
4398,4399,4401,short,156.856,156.86233433,156.702,24.311963538309048
4401,4402,4702,short,156.827,156.86233433,156.702,3.5376360610193456
4402,4403,4695,short,156.818,156.86033433,156.702,2.740092969465804
4403,4404,4428,short,156.798,156.82833433,156.702,3.1647311808120153
4431,4432,4437,short,156.769,156.78533432999998,156.714,3.3671414744333332
4446,4447,4448,short,156.752,156.79233433,156.598,3.8180874704024235
4448,4449,4450,short,156.746,156.76633433,156.598,7.278331767017485
4454,4455,4689,short,156.772,156.76433433,156.598,173999999.99997815
4460,4461,4470,short,156.714,156.72233433,156.598,13.918335367093817
4462,4463,4469,short,156.682,156.69433433,156.596,6.972409526895581
4481,4482,4500,short,156.697,156.72433433,156.596,3.6949872193681363
4506,4507,4511,short,156.71,156.69833433,156.644,66000000.000002496
4513,4514,4515,short,156.676,156.71333433,156.554,3.267769905069018
4522,4523,4689,short,156.772,156.71633433,156.554,217999999.9999893
4536,4537,4683,short,156.664,156.63433433,156.508,155999999.99997747
4537,4538,4540,short,156.564,156.62633433,156.358,3.3047599934096175
4544,4545,4546,short,156.55,156.57233433,156.358,8.59663128467224
4548,4549,4556,short,156.488,156.49733433,156.358,13.927084214932894
4551,4552,4553,short,156.417,156.42833432999998,156.358,5.205424581787184
4573,4574,4667,short,156.44,156.46833433,156.3,4.94100266355167
4579,4580,4581,short,156.374,156.33233433,156.214,159999999.99999657
4585,4586,4628,short,156.39,156.42233432999998,156.214,5.443131185956245
4588,4589,4593,short,156.344,156.35233433,156.214,15.598134463123793
4589,4590,4591,short,156.276,156.34633433,156.092,2.6160766726582807
4596,4597,4608,short,156.29,156.33933432999999,156.092,4.013432431331387
4623,4624,4625,short,156.318,156.30733433,156.296,22000000.00001978
4630,4631,4635,short,156.436,156.44033432999998,156.296,32.300263247315605
4651,4652,4653,short,156.353,156.35333433,156.296,170.4902342064472
4667,4668,4675,short,156.428,156.45433433,156.344,3.1897526916390677
4723,4724,4773,short,156.815,156.83033433,156.726,5.8039705679992935
4725,4726,4728,short,156.776,156.79033433,156.619,10.952726775513336
4729,4730,4771,short,156.76,156.79633433,156.619,3.880627494711646
4731,4732,4750,short,156.747,156.76633433,156.619,6.620348364803156
4751,4752,4770,short,156.754,156.77633433,156.67,3.761026187039319
4753,4754,4755,short,156.72,156.71833433,156.67,50000000.00001136
4757,4758,4759,short,156.712,156.72733433,156.635,5.021412738606089
4779,4780,4781,short,156.784,156.79733432999998,156.704,5.999551533525195
4783,4784,4785,short,156.827,156.83133433,156.704,28.378088424235997
4785,4786,4787,short,156.798,156.83133433,156.704,2.8199156845206517
4788,4789,4791,short,156.788,156.80433433,156.704,5.142543342770466
4811,4812,4813,short,156.899,156.86233433,156.82,79000000.00000772
4818,4819,4823,short,156.899,156.90333433,156.82,18.226577118008432
4832,4833,4947,short,156.934,156.91533433,156.794,139999999.99998635
4840,4841,4945,short,156.844,156.86033433,156.754,5.509867867244483
4855,4856,4859,short,156.818,156.84233433,156.754,2.6300292631871645
4860,4861,4862,short,156.791,156.83433433,156.666,2.8845490399879097
4861,4862,4945,short,156.844,156.83433433,156.666,177999999.99999726
4869,4870,4872,short,156.784,156.79433433,156.666,11.418253529732779
4899,4900,4905,short,156.674,156.70433433,156.598,2.5054121848091997
4919,4920,4921,short,156.784,156.74433433,156.657,126999999.99998112
4926,4927,4945,short,156.844,156.79633433,156.657,186999999.9999834
4933,4934,4935,short,156.699,156.71533433,156.657,2.571271671385233
4945,4946,4947,short,156.934,156.86433433,156.406,527999999.99999154
4956,4957,4958,short,156.852,156.95133433,156.406,4.489887836360057
4964,4965,4966,short,156.755,156.81633433,156.406,5.690124926774674
4967,4968,4969,short,156.72,156.79733432999998,156.406,4.060292498817192
4971,4972,4973,short,156.716,156.69833433,156.406,310000000.00000226
4974,4975,5018,short,156.658,156.73233433,156.406,3.3900890745902164
5076,5077,5078,short,156.726,156.75033433,156.655,2.917688713847202
5082,5083,5084,short,156.735,156.71633433,156.691,44000000.00001114
5104,5105,5140,short,156.772,156.80033433,156.682,3.176358855140789
5106,5107,5108,short,156.742,156.76133432999998,156.682,3.10328829600125
5108,5109,5117,short,156.742,156.75433433,156.682,4.864471762951477
5119,5120,5121,short,156.726,156.72833433,156.707,8.139380464644654
5135,5136,5139,short,156.77,156.77433433,156.658,25.84021059785511
5141,5142,5215,short,156.762,156.77233433,156.658,10.063545483834003
5143,5144,5155,short,156.74,156.75733433,156.658,4.730497227184619
5144,5145,5146,short,156.731,156.75833433,156.658,2.6706343268703376
5166,5167,5168,short,156.699,156.70833432999999,156.59,11.677324457172956
5173,5174,5193,short,156.684,156.68933433,156.59,17.62170694347807
5174,5175,5193,short,156.684,156.68633433,156.59,40.268513877701565
5246,5247,5248,short,156.824,156.83833433,156.77,3.767179910049059
5279,5280,5281,short,156.836,156.83833433,156.811,10.709711137689695
5286,5287,5288,short,156.858,156.85233433,156.774,84000000.00000317
5288,5289,5290,short,156.848,156.86233433,156.774,5.162431728586408
5295,5296,5331,short,156.82,156.83733433,156.774,2.6536935664639096
5301,5302,5320,short,156.798,156.80333432999998,156.774,4.499159219635847
5314,5315,5316,short,156.785,156.78333433,156.774,10999999.999995679
5320,5321,5322,short,156.816,156.80033433,156.774,42000000.00000159
5325,5326,5328,short,156.806,156.81433433,156.774,3.8395407909241963
5341,5342,5346,short,156.85,156.85733433,156.828,2.9995923281356993
5359,5360,5362,short,156.857,156.86433433,156.794,8.58974166693581
5370,5371,5372,short,156.826,156.83033433,156.794,7.382917313618855
5375,5376,5379,short,156.832,156.84233433,156.794,3.677064696014102
5426,5427,5428,short,156.814,156.81433433,156.794,59.82113480412268
5434,5435,5438,short,156.83,156.83633433,156.808,3.4731376483486525
5444,5445,5476,short,156.877,156.86533433,156.806,70999999.99999794
5453,5454,5456,short,156.816,156.82233433,156.784,5.051836579413367
5490,5491,5493,short,156.913,156.91433433,156.89,17.237115256471203
5523,5524,5538,short,156.988,157.02833433,156.872,2.8759619906904152
5524,5525,5535,short,156.985,157.01033433,156.872,4.460350836198645
5557,5558,5559,short,157.076,157.08133433,156.998,14.622267463738595
5560,5561,5562,short,157.077,157.10033433,156.998,3.3855696735226073
5564,5565,5568,short,157.091,157.11033433,156.998,4.810096858802672
5574,5575,5576,short,157.02,157.05733433,156.926,2.5177899268592716
5586,5587,5588,short,157.046,157.05033433,156.926,27.6859399260871
5593,5594,5622,short,157.063,157.07433433,156.926,12.087172333950651
5596,5597,5604,short,157.028,157.03833433,156.926,9.870015762990143
5598,5599,5603,short,157.01,157.02033433,156.926,8.128248275403648
5628,5629,5677,short,157.024,157.03833433,156.934,6.278633183415098
5631,5632,5633,short,157.01,157.02633433,156.934,4.652777310116984
5633,5634,5658,short,156.998,157.01633433,156.934,3.490719322709743
5637,5638,5641,short,156.968,156.97933433,156.934,2.9997361996658527
5654,5655,5656,short,156.982,156.98433433,156.966,6.8542151281160475
5665,5666,5667,short,156.988,156.98433433,156.962,26000000.000010457
5669,5670,5673,short,156.988,156.99433433,156.962,4.10461722077364
5682,5683,5771,short,157.025,157.02433433,156.96,64999999.99999772
5707,5708,5709,short,156.98,156.98333433,156.96,5.998206536237917
5709,5710,5711,short,156.984,156.98233433,156.96,24000000.00000091
5729,5730,5733,short,156.966,156.97233433,156.942,3.7888774345589034
5742,5743,5745,short,156.98,156.98033433,156.942,113.66015612788411
5747,5748,5757,short,156.978,156.98033433,156.942,15.421984038270239
5748,5749,5757,short,156.978,156.97833433,156.942,107.67804265667665
5779,5780,5830,short,157.026,157.03833433,156.978,3.891577410370149
5781,5782,5791,short,157.014,157.02433433,156.978,3.483534975182572
5787,5788,5790,short,157.008,157.00433433,156.971,37000000.00000614
5830,5831,5832,short,157.034,157.02833433,156.972,61999999.9999834
5833,5834,5842,short,157.032,157.04233433,156.972,5.805891625304287
5834,5835,5841,short,157.024,157.04033433,156.972,3.1834792121851216
5850,5851,6282,short,157.064,157.05933432999998,156.972,91999999.99998453
5854,5855,5856,short,156.993,157.00833433,156.938,3.586723384719164
5864,5865,5890,short,157.003,157.01133432999998,156.938,7.799067231561897
5868,5869,5879,short,156.99,157.00033433,156.938,5.031772741932215
5869,5870,5879,short,156.99,156.99433433,156.938,11.997240634720786
5880,5881,5887,short,156.995,157.00433433,156.959,3.856731013366313
5883,5884,5886,short,156.979,156.98133433,156.946,14.136818701753807
5888,5889,5890,short,157.003,157.00433433,156.946,42.71806824333365
5899,5900,5901,short,156.98,156.97933433,156.944,36000000.00000136
5908,5909,5910,short,157.002,157.02733433,156.938,2.526216402803626
5918,5919,5920,short,156.974,156.97733433,156.825,44.68663869501339
5921,5922,6029,short,156.96,156.99033433,156.825,4.450403223017365
5926,5927,5967,short,156.927,156.95033433,156.825,4.371241856952977
5928,5929,5930,short,156.906,156.92833432999998,156.825,3.6267038232217375
5933,5934,5937,short,156.875,156.90633433,156.776,3.159473969924109
5937,5938,5939,short,156.853,156.87833433,156.776,3.0393541096220256
5939,5940,5948,short,156.855,156.86633433,156.776,6.969975287458746
5944,5945,5947,short,156.82,156.81033433,156.776,43999999.999982715
5954,5955,5956,short,156.864,156.89433433,156.777,2.8680376326113572
5959,5960,5961,short,156.857,156.87433433,156.754,5.941966029257642
5975,5976,6026,short,156.928,156.97033433,156.754,4.110139454198371
5983,5984,6022,short,156.93,156.93633433,156.754,27.785101186766788
6070,6071,6074,short,157.02,157.03133433,156.982,3.3526463408131892
6083,6084,6282,short,157.064,157.03433433,156.907,156999999.99998227
6087,6088,6281,short,156.991,157.00633433,156.907,5.477904805762587
6105,6106,6131,short,156.902,156.91533433,156.83,5.399596380160314
6112,6113,6117,short,156.866,156.86933433,156.83,10.79677176533051
6125,6126,6129,short,156.898,156.88433433,156.866,31999999.999982264
6153,6154,6155,short,156.892,156.91533433,156.832,2.5713187393841044
6157,6158,6174,short,156.9,156.90833433,156.832,8.159024180712638
6161,6162,6166,short,156.88,156.89833432999998,156.832,2.618039492036753
6203,6204,6206,short,156.884,156.89633433,156.851,2.6754594696221603
6214,6215,6216,short,156.871,156.87833433,156.818,7.226290608693015
6217,6218,6220,short,156.852,156.87233433,156.782,3.442454214129646
6220,6221,6222,short,156.846,156.85433433,156.782,7.679081581844983
6261,6262,6263,short,156.936,156.94433433,156.836,11.998564971633424
6278,6279,6280,short,156.942,156.97433433,156.806,4.206055916420895
6283,6284,6285,short,157.016,157.06433433,156.76,5.2964425078388215
6285,6286,6356,short,156.978,157.04233433,156.76,3.3885485401042623
6286,6287,6356,short,156.978,157.02133433,156.76,5.030653525739324
6310,6311,6313,short,156.872,156.86433433,156.788,84000000.00000317
6317,6318,6320,short,156.904,156.93033433,156.746,5.999772919987051
6321,6322,6336,short,156.88,156.91833433,156.746,3.495561289319354
6327,6328,6336,short,156.88,156.88433433,156.746,30.91596625079289
6364,6365,6366,short,156.955,156.97233433,156.838,6.749611897323655
6366,6367,6368,short,156.926,156.95833432999999,156.838,2.7215655929781226
6385,6386,6387,short,156.94,156.97833433,156.815,3.260784784813168
6393,6394,6398,short,156.9,156.92033433,156.815,4.180122974301083
6408,6409,6411,short,157.032,157.02133433,156.934,98000000.00001319
6419,6420,6421,short,156.93,156.95333433,156.829,4.328386544634978
6472,6473,6480,short,157.024,157.01433433,156.921,103000000.00000863
6486,6487,6508,short,157.044,157.06533432999998,156.95,4.406044155131148
6508,6509,6570,short,157.048,157.06433433,156.988,3.6732452448296558
6523,6524,6533,short,157.022,157.04033433,156.971,2.781666960283963
6526,6527,6531,short,157.002,157.01233433,156.971,2.99971067307434
6537,6538,6559,short,157.026,157.03833433,156.971,4.459099116049513
6579,6580,6588,short,157.044,157.05233433,157.0,5.279368587520344
6585,6586,6587,short,157.024,157.02333432999998,156.994,30000000.000001136
6603,6604,6605,short,157.035,157.02933432999998,156.998,37000000.00000614
6608,6609,6611,short,157.03,157.03633433,156.998,5.051836579413367
6629,6630,6631,short,157.099,157.05433433,157.015,84000000.00000317
6651,6652,6653,short,157.134,157.13633432999998,157.094,17.135537820296207
6657,6658,6660,short,157.149,157.15133433,157.094,23.561364502914895
6661,6662,6665,short,157.136,157.14933433,157.094,3.1497645551014735
6711,6712,6715,short,157.147,157.14933433,157.113,14.565207147251167
6723,6724,6740,short,157.171,157.18933433,157.076,5.181536494647783
6727,6728,6733,short,157.131,157.13433433,157.076,16.49506797467132
6728,6729,6731,short,157.11,157.12233433,157.076,2.756533999013725
6757,6758,6759,short,157.142,157.14633433,156.946,45.220368545940076
6763,6764,6834,short,157.094,157.15133433,156.946,2.5813504753607055
6768,6769,6770,short,157.104,157.12033433,156.946,9.672879144735504
6773,6774,6775,short,157.11,157.13233433,156.946,7.342955888991296
6776,6777,6834,short,157.094,157.11433433,156.946,7.278331767017485
6778,6779,6780,short,157.062,157.10633433,156.946,2.616482531708923
6785,6786,6789,short,157.034,157.06233433,156.946,3.1057731028039925
6788,6789,6795,short,157.033,157.05433433,156.946,4.07793448399744
6789,6790,6797,short,157.051,157.09033433,156.946,2.669423884936714
6791,6792,6794,short,157.011,157.00033433,156.946,64999999.99999772
6804,6805,6806,short,157.028,157.04033433,156.946,6.64811140936625
6809,6810,6815,short,157.041,157.06133433,156.946,4.671902147747776
6838,6839,6840,short,157.148,157.16233433,157.101,3.2788417735608872
6841,6842,6875,short,157.132,157.16833433,157.027,2.889828985426509
6852,6853,6855,short,157.084,157.10233433,157.027,3.108921896794419
6879,6880,6884,short,157.148,157.15833433,157.11,3.677064696014102
6919,6920,6925,short,157.185,157.19633432999998,157.154,2.735053593821022
6922,6923,6925,short,157.185,157.17433433,157.154,31000000.00000591
6932,6933,6934,short,157.21,157.22033433,157.071,13.450315598622057
6947,6948,6994,short,157.166,157.19233433,157.071,3.6074584012582895
6948,6949,6994,short,157.166,157.19033432999998,157.071,3.9039496875420965
6953,6954,6964,short,157.142,157.15333433,157.071,6.264155005185903
6970,6971,6972,short,157.142,157.14833432999998,157.111,4.893966686305998
6980,6981,6982,short,157.166,157.17233432999998,157.111,8.682844120864901
6982,6983,6993,short,157.162,157.16833433,157.111,8.051364548439913
7012,7013,7015,short,157.231,157.23633433,157.207,4.499159219611875
7024,7025,7043,short,157.298,157.30833433,157.25,4.644713300230656
7025,7026,7039,short,157.291,157.30033433,157.25,4.392388098555571
7048,7049,7050,short,157.31,157.32233433,157.274,2.9186830577776117
7050,7051,7053,short,157.336,157.31833433,157.274,62000000.00001182
7067,7068,7069,short,157.334,157.36533433,157.238,3.0637323344723026
7070,7071,7108,short,157.331,157.34833433,157.238,5.365076123503407
7081,7082,7089,short,157.273,157.28133433,157.238,4.1994977400715285
7108,7109,7110,short,157.327,157.33333432999999,157.301,4.10461722077364
7121,7122,7123,short,157.315,157.32033433,157.292,4.311694252127159
7129,7130,7136,short,157.332,157.33433433,157.292,17.135537820296207
7162,7163,7209,short,157.349,157.35533433,157.33,2.9995279690086005
7170,7171,7172,short,157.339,157.34833433,157.294,4.820913766706369
7173,7174,7208,short,157.338,157.34533433,157.294,5.999184656271399
7189,7190,7201,short,157.316,157.31633433,157.303,38.88373762603629
7228,7229,7231,short,157.336,157.32333433,157.284,52000000.000020914
7234,7235,7241,short,157.318,157.32233433,157.284,7.844349645780488
7248,7249,7338,short,157.336,157.34533433,157.289,5.035176600801666
7256,7257,7259,short,157.314,157.31833433,157.262,11.997240634635558
7262,7263,7268,short,157.322,157.32933433,157.262,8.18070634946452
7271,7272,7273,short,157.294,157.30433433,157.262,3.0964755334965366
7279,7280,7281,short,157.278,157.28633433,157.23,5.75931118638459
7286,7287,7298,short,157.274,157.28633433,157.23,3.5672792928400714
7292,7293,7297,short,157.257,157.26633433,157.23,2.892548260026257
7320,7321,7322,short,157.306,157.31833433,157.256,4.05372646913634
7355,7356,7357,short,157.32,157.33833433,157.268,2.836209449701569
7357,7358,7359,short,157.326,157.33033433,157.268,13.381537630939913
7366,7367,7368,short,157.277,157.32533433,157.089,3.8895749666938864
7367,7368,7369,short,157.298,157.31733433,157.089,10.809787564404107
7372,7373,7377,short,157.29,157.33633433,157.089,4.338036181810771
7375,7376,7377,short,157.29,157.29833433,157.089,24.117115592983765
7378,7379,7445,short,157.266,157.30433433,157.089,4.61727125529525
7379,7380,7381,short,157.234,157.29033433,157.089,2.57391895847548
7383,7384,7400,short,157.223,157.24833433,157.089,5.2892655933689
7451,7452,7453,short,157.226,157.25033433,157.029,8.095558825745398
7462,7463,9346,short,157.265,157.28333433,157.029,12.872027502493047
7465,7466,9338,short,157.225,157.25633433,157.029,6.255120182880649
7471,7472,9285,short,157.218,157.22933433,157.029,16.675004168734162
7472,7473,9280,short,157.178,157.22133433,157.029,3.4383824556656095
7477,7478,7515,short,157.16,157.18733433,157.029,4.792508175616149
7481,7482,7483,short,157.128,157.15933433,157.029,3.159473969921243
7483,7484,7498,short,157.126,157.14033433,157.029,6.766971319903269
7518,7519,8849,short,157.092,157.13833433,156.972,2.589872347351486
7523,7524,7525,short,157.056,157.07633433,156.972,4.130945056956135
7526,7527,7530,short,157.044,157.05633433,156.972,5.8373661155552234
7532,7533,7545,short,157.038,157.05833433,156.974,3.1473867100627486
7548,7549,7565,short,157.006,157.05033433,156.868,3.112711977377603
7554,7555,7560,short,156.942,156.95233432999999,156.868,7.160599671209537
7566,7567,7568,short,156.968,157.03433433,156.698,4.070290602164959
7570,7571,8791,short,156.894,156.94433433,156.698,3.893962629481797
7572,7573,7579,short,156.831,156.85733433,156.698,5.050441761760958
7585,7586,8511,short,156.815,156.83433433,156.698,6.051412177201702
7588,7589,7591,short,156.751,156.76133432999998,156.698,5.128537602351662
7594,7595,7596,short,156.744,156.75633433,156.418,26.43029657876239
7598,7599,7600,short,156.76,156.76033433,156.418,1022.941405151382
7600,7601,8440,short,156.738,156.76233433,156.418,13.15014631593115
7601,7602,8438,short,156.718,156.76633433,156.418,6.20676856387326
7605,7606,7607,short,156.639,156.69033432999998,156.418,4.305111218946711
7609,7610,8360,short,156.63,156.67233432999998,156.418,5.007756116609061
7617,7618,7620,short,156.576,156.60533433,156.418,5.386180628632863
7620,7621,8291,short,156.549,156.58633433,156.418,3.508834898069002
7623,7624,7649,short,156.514,156.53033433,156.418,5.877192391737675
7659,7660,7661,short,156.436,156.46433432999999,156.3,4.799831158883895
7663,7664,7677,short,156.434,156.44133433,156.3,18.27024418046818
7694,7695,7696,short,156.442,156.43433432999998,156.364,78000000.00000295
7707,7708,8140,short,156.486,156.51633433,156.364,4.021845875610877
7720,7721,8116,short,156.433,156.45833432999999,156.364,2.723577059271292
7729,7730,7733,short,156.368,156.40033433,156.277,2.8143462381937354
7735,7736,8017,short,156.376,156.38633432999998,156.277,9.579721181753449
7737,7738,7739,short,156.316,156.32833433,156.277,3.1619066459268983
7745,7746,7750,short,156.336,156.34233433,156.277,9.314323693294376
7746,7747,7749,short,156.3,156.33633433,156.098,5.559480524343318
7750,7751,7752,short,156.31,156.34533433,156.098,5.999830759493327
7755,7756,7757,short,156.31,156.33333432999999,156.098,9.085326212500757
7757,7758,8010,short,156.314,156.34833433,156.098,6.291079511379269
7768,7769,7785,short,156.154,156.18733433,156.051,3.089907611762444
7786,7787,7793,short,156.187,156.19633432999998,156.076,11.891587291250529
7812,7813,7819,short,156.216,156.24633433,156.132,2.7691397832105134
7820,7821,7840,short,156.228,156.26233433,156.106,3.5532949092086423
7841,7842,7864,short,156.226,156.23033433,155.952,63.21622949789669
7842,7843,7861,short,156.133,156.19833433,155.952,2.7703659010516226
7847,7848,7856,short,156.084,156.12433433,155.952,3.2726464031999725
7870,7871,7873,short,156.226,156.24733433,156.161,3.0467326604581335
7879,7880,7881,short,156.19,156.21533433,156.116,2.9209377157400795
7932,7933,7976,short,156.173,156.20633433,156.042,3.929882496513077
7933,7934,7974,short,156.154,156.18833433,156.042,3.262041228122737
7936,7937,7962,short,156.123,156.15333433,156.042,2.6702419338071675
7957,7958,7959,short,156.114,156.09033433,156.08,33999999.99999181
8022,8023,8090,short,156.414,156.41633432999998,156.296,50.54983656988173
8036,8037,8042,short,156.371,156.38233433,156.334,3.2644188055282357
8048,8049,8050,short,156.366,156.37833433,156.305,4.945546292345782
8051,8052,8053,short,156.365,156.37633433,156.305,5.293652117072137
8058,8059,8086,short,156.358,156.36033433,156.305,22.70458761189582
8091,8092,8097,short,156.398,156.41833433,156.328,3.442454214129646
8153,8154,8176,short,156.488,156.49633433,156.413,8.998923728724217
8155,8156,8175,short,156.464,156.47333433,156.413,5.463702268934088
8180,8181,8247,short,156.47,156.47633433,156.431,6.1569258311559745
8195,8196,8199,short,156.457,156.46033433,156.363,28.191570720342074
8201,8202,8204,short,156.441,156.46433432999999,156.363,3.342714361203407
8217,8218,8219,short,156.372,156.37433433,156.363,3.8554960095736472
8308,8309,8320,short,156.538,156.57433433,156.446,2.5320406348498117
8380,8381,8386,short,156.613,156.63433433,156.556,2.671750179170507
8381,8382,8385,short,156.61,156.63133433,156.556,2.531131748691852
8389,8390,8394,short,156.594,156.60533433,156.546,4.23492169364709
8407,8408,8409,short,156.699,156.71433432999999,156.606,6.064823177809505
8443,8444,8445,short,156.745,156.75833433,156.698,3.5247365259465315
8448,8449,8450,short,156.774,156.76233433,156.698,75999999.9999934
8516,8517,8518,short,156.831,156.83233433,156.816,11.241596906132585
8522,8523,8525,short,156.864,156.87733433,156.816,3.5997309201159693
8527,8528,8791,short,156.894,156.87733433,156.816,78000000.00000295
8529,8530,8533,short,156.846,156.85733433,156.816,2.6468260585360683
8537,8538,8540,short,156.844,156.84933433,156.816,5.249019089545412
8545,8546,8791,short,156.894,156.84333433,156.762,132000000.00000499
8546,8547,8791,short,156.894,156.83633433,156.762,132000000.00000499
8547,8548,8791,short,156.894,156.82233433,156.762,132000000.00000499
8560,8561,8562,short,156.738,156.74633433,156.695,5.1593829378034295
8567,8568,8663,short,156.74,156.75433433,156.695,3.1393165917085404
8576,8577,8578,short,156.709,156.71433432999999,156.654,10.310573211666371
8581,8582,8638,short,156.704,156.70733433,156.654,14.99551634061184
8601,8602,8609,short,156.665,156.67433433,156.634,3.321073928177055
8609,8610,8611,short,156.666,156.66733433,156.633,24.73151319403126
8612,8613,8614,short,156.664,156.67633433,156.633,2.513310410856343
8643,8644,8652,short,156.728,156.73633433,156.692,4.319483389788442
8652,8653,8654,short,156.728,156.73233433,156.698,6.921484981567161
8658,8659,8661,short,156.718,156.72433433,156.698,3.157397862115261
8667,8668,8669,short,156.731,156.75233433,156.63,4.734153826250453
8671,8672,8780,short,156.728,156.72533433,156.63,98000000.00001319
8682,8683,8684,short,156.64,156.65633433,156.594,2.8161546877021557
8691,8692,8695,short,156.631,156.64433433,156.594,2.774792584256415
8692,8693,8695,short,156.631,156.63233433,156.594,27.729272369080842
8695,8696,8697,short,156.613,156.63633432999998,156.457,6.685428722406814
8699,8700,8701,short,156.613,156.63433433,156.457,7.312158385100053
8702,8703,8751,short,156.577,156.62433433,156.457,2.5351578864636526
8704,8705,8706,short,156.592,156.60833433,156.457,8.264801800881976
8706,8707,8708,short,156.592,156.60233433,156.457,13.06325615693602
8731,8732,8733,short,156.501,156.52333432999998,156.433,3.0446402466551756
8737,8738,8740,short,156.488,156.48233433,156.433,55000000.00000682
8750,8751,8752,short,156.585,156.61033433,156.516,2.723577059272414
8755,8756,8758,short,156.625,156.64233432999998,156.516,6.288099972719838
8758,8759,8760,short,156.611,156.63733433,156.516,3.6074584012582895
8761,8762,8773,short,156.594,156.61933433,156.516,3.0788262409160074
8764,8765,8766,short,156.55,156.55833433,156.516,4.079512090358024
8796,8797,8798,short,156.94,156.95633433,156.868,4.407894293795587
8819,8820,8843,short,156.963,156.96633433,156.89,21.89345385729056
8860,8861,8862,short,157.105,157.11933433,156.874,16.11515850409776
8863,8864,8865,short,157.101,157.12433433,156.874,9.728155897336325
8896,8897,8904,short,157.038,157.04833433,156.96,7.547659112895573
8917,8918,8919,short,156.996,157.00333433,156.95,6.271874867925383
8924,8925,8926,short,157.004,157.02033433,156.95,3.30592072034669
8926,8927,8931,short,157.038,157.01033433,156.947,91000000.00000818
8934,8935,8938,short,156.997,157.00033433,156.947,14.99551634073966
8948,8949,8950,short,157.034,157.06033433,156.959,2.8479934746771995
8955,8956,8958,short,157.048,157.07133432999998,156.959,3.814122796757531
8968,8969,8989,short,157.017,157.02433433,156.941,10.362228042653769
8983,8984,8985,short,156.979,157.00233433,156.808,7.328258407254233
8989,8990,9157,short,156.966,157.02133433,156.808,2.8553702556809353
8990,8991,9149,short,156.964,157.02233433,156.808,2.6742400229844803
8992,8993,9113,short,156.96,156.96833433,156.808,18.23781875688567
8994,8995,9106,short,156.946,156.95433433,156.808,16.558019660855695
8995,8996,9007,short,156.911,156.94933433,156.808,2.686886662686276
8998,8999,9004,short,156.88,156.88433433,156.808,16.61156395565226
9020,9021,9031,short,156.863,156.88733433,156.75,4.643645417813268
9032,9033,9034,short,156.911,156.90433432999998,156.836,74999999.99998863
9036,9037,9038,short,156.897,156.91133433,156.836,4.255518046535247
9038,9039,9040,short,156.883,156.90033433,156.836,2.711382557043943
9050,9051,9056,short,156.855,156.87033433,156.812,2.804165555324106
9058,9059,9060,short,156.87,156.87633433,156.774,15.155509738235613
9063,9064,9074,short,156.841,156.84533433,156.774,15.457983125501087
9071,9072,9073,short,156.821,156.80633433,156.77,50999999.99998772
9079,9080,9081,short,156.854,156.86033433,156.77,13.26107102095616
9145,9146,9147,short,156.94,156.93533433,156.93,9999999.999990905
9151,9152,9153,short,156.96,156.97033433,156.93,2.9029458126521437
9160,9161,9162,short,157.03,157.03833433,156.958,8.638966779576885
9167,9168,9170,short,157.012,157.02633433,156.958,3.767179910049059
9175,9176,9213,short,157.007,157.03733433,156.756,8.274453399831259
9185,9186,9206,short,156.937,156.94233433,156.756,33.93115911475457
9186,9187,9206,short,156.937,156.93733433,156.756,541.3812700238607
9218,9219,9228,short,156.986,157.00833433,156.896,4.029670914684985
9223,9224,9225,short,156.95,156.95833432999999,156.876,8.878938079007302
9249,9250,9251,short,156.999,157.01833433,156.918,4.189439199600952
9286,9287,9288,short,157.192,157.22533433,157.092,2.9999103026815623
9296,9297,9298,short,157.144,157.15833433,157.092,3.627654728194729
9319,9320,9322,short,157.206,157.21533433,157.143,6.749279273389526
9323,9324,9334,short,157.206,157.21333433,157.143,8.589741666902523
9350,9351,9379,short,157.268,157.29333433,157.189,3.1182983722099893
9353,9354,9373,short,157.245,157.25333433,157.189,6.719196384116492
9361,9362,9370,short,157.221,157.22233433,157.166,41.219188656740066
9381,9382,9494,short,157.253,157.27133433,157.097,8.508628349104708
9383,9384,9483,short,157.24,157.24233433,157.097,61.25954770757142
9385,9386,9387,short,157.214,157.22433433,157.097,11.321488669310847
9387,9388,9427,short,157.198,157.22433433,157.097,3.8352978792325088
9390,9391,9397,short,157.166,157.18033433,157.097,4.813618773950584
9392,9393,9394,short,157.146,157.13433433,157.116,29999999.999972712
9401,9402,9403,short,157.164,157.16433433,157.116,143.57072352994544
9424,9425,9426,short,157.192,157.18433432999998,157.164,28000000.00002001
9430,9431,9432,short,157.195,157.20633433,157.132,5.558334722910552
9439,9440,9479,short,157.178,157.19233433,157.132,3.2090791826337224
9452,9453,9456,short,157.158,157.16833433,157.132,2.5158863709564385
9463,9464,9465,short,157.164,157.17033433,157.14,3.7888774345419027
9492,9493,9494,short,157.253,157.25033433,157.171,81999999.99999362
9499,9500,9501,short,157.246,157.27233433,157.171,2.8479934746782787
9508,9509,9510,short,157.192,157.19433433,157.173,8.139380464644654
9529,9530,9531,short,157.202,157.21633433,157.147,3.8369425009762237
9544,9545,9570,short,157.176,157.18233433,157.108,10.735152731199067
9546,9547,9551,short,157.152,157.16433433,157.108,3.567279292829547
9555,9556,9561,short,157.13,157.13933433,157.09,4.285256681517111
9597,9598,9599,short,157.188,157.19433433,157.168,3.157397862115261
9607,9608,9609,short,157.208,157.21233433,157.176,7.382917313625413
9619,9620,9621,short,157.21,157.20933433,157.194,16000000.000019554
9633,9634,9638,short,157.209,157.20833432999999,157.15,58999999.9999975
9655,9656,9657,short,157.216,157.21433432999999,157.194,22000000.00001978
9692,9693,9723,short,157.274,157.28433433,157.2,7.1605996711898445
9695,9696,9701,short,157.245,157.25533432999998,157.2,4.35441871897959
9699,9700,9701,short,157.245,157.24433433,157.216,28999999.99999636
9712,9713,9714,short,157.233,157.23733433,157.208,5.767904151269239
9761,9762,9767,short,157.3,157.32033433,157.152,7.278331767018883
9762,9763,9764,short,157.279,157.30033433,157.152,5.952846890434239
9764,9765,9766,short,157.282,157.28333433,157.152,97.42717318866414
9860,9861,9862,short,157.39,157.41533433,157.313,3.039354109618616
9931,9932,9933,short,157.41,157.39633433,157.38,30000000.000001136
9943,9944,9946,short,157.406,157.40633433,157.397,26.919510664211668
9972,9973,9984,short,157.385,157.39233432999998,157.339,6.2718748679215075
9984,9985,9989,short,157.39,157.38933433,157.358,31999999.999982264
